guide_id,tag_id
613,1
613,2
613,3
613,4
645,5
646,5
669,7
780,8
786,9
787,10
811,7
828,5
1004,7
1071,7
1125,7
1141,7
1155,17
1215,7
1228,19
1230,19
1232,19
1234,7
1242,23
1242,24
1246,7
1258,7
1303,7
1318,28
1324,29
1334,7
1337,7
1375,7
1406,33
1406,34
1407,33
1407,34
1466,7
1489,7
1498,7
1524,7
1554,41
1554,42
1554,43
1554,44
1554,45
1577,7
1578,47
1593,7
1602,7
1603,7
1604,7
1627,7
1636,7
1637,7
1647,7
1650,7
1658,7
1668,7
1671,7
1682,7
1699,7
1702,7
1706,7
1710,7
1723,7
1725,7
1727,7
1729,7
1730,69
1735,7
1736,7
1756,69
1757,7
1762,7
1764,7
1765,7
1767,7
1769,7
1770,7
1773,7
1775,7
1785,7
1786,7
1790,7
1792,24
1792,86
1800,7
1813,7
1821,7
1822,7
1823,7
1833,7
1835,7
1843,7
1844,7
1848,96
1848,97
1848,98
1867,99
1867,100
1875,7
1884,102
1908,7
1909,7
1910,7
1946,106
1951,5
1960,108
1960,109
1960,110
1960,111
1963,7
1970,7
1990,114
1990,115
1990,116
1990,117
1990,118
1990,119
1990,120
1990,121
1990,122
1990,123
1990,124
1990,125
1995,7
2011,7
2025,7
2028,129
2028,23
2028,131
2028,132
2028,7
2041,7
2055,7
2063,7
2070,7
2072,7
2076,7
2081,7
2085,7
2085,142
2092,7
2098,7
2102,7
2104,7
2105,7
2106,7
2107,7
2119,7
2123,102
2126,7
2130,7
2133,7
2138,7
2149,129
2149,132
2149,158
2151,129
2151,131
2151,132
2151,162
2170,7
2182,164
2187,164
2191,166
2191,164
2193,7
2194,7
2195,7
2195,171
2206,7
2211,7
2216,7
2217,7
2219,7
2233,7
2234,7
2237,7
2238,7
2240,7
2242,7
2244,7
2251,7
2254,7
2260,7
2262,7
2270,7
2275,189
2275,190
2278,7
2296,7
2301,7
2304,7
2326,7
2337,7
2338,7
2346,7
2349,199
2349,96
2349,7
2349,202
2353,7
2355,7
2382,7
2384,7
2385,7
2388,7
2399,7
2412,7
2419,211
2419,212
2419,213
2419,214
2419,215
2419,216
2419,217
2419,218
2421,7
2423,7
2424,7
2426,7
2427,223
2427,224
2427,225
2427,1
2427,2
2433,228
2437,129
2437,131
2437,132
2437,232
2437,233
2464,7
2469,7
2470,212
2470,237
2470,238
2475,7
2476,7
2477,7
2480,7
2484,243
2484,244
2485,7
2487,7
2494,7
2498,7
2510,23
2510,7
2510,4
2510,252
2516,129
2516,131
2516,132
2516,256
2517,129
2517,131
2517,259
2517,237
2519,7
2526,262
2526,263
2530,7
2551,265
2551,266
2551,267
2551,268
2551,269
2551,270
2551,99
2551,272
2551,273
2554,7
2569,7
2571,276
2571,277
2572,7
2576,279
2576,262
2576,281
2577,279
2577,281
2577,284
2578,279
2578,162
2578,281
2579,288
2579,279
2579,281
2580,291
2580,279
2580,281
2581,279
2581,281
2581,296
2582,279
2582,298
2582,281
2583,279
2583,301
2583,281
2584,279
2584,304
2584,281
2585,279
2585,307
2585,281
2586,166
2586,279
2586,281
2587,312
2587,279
2587,281
2588,129
2588,131
2588,132
2588,304
2589,129
2589,132
2589,298
2590,224
2590,323
2590,324
2590,325
2590,326
2592,327
2592,262
2592,7
2592,330
2615,7
2621,7
2639,333
2639,334
2639,335
2639,336
2639,337
2644,7
2652,2
2652,340
2652,341
2652,281
2656,7
2664,164
2665,164
2698,7
2718,347
2718,162
2718,349
2718,350
2720,7
2726,352
2726,353
2726,354
2726,355
2726,356
2726,357
2738,7
2748,359
2748,360
2748,361
2748,362
2749,7
2761,364
2762,364
2769,366
2773,7
2778,368
2778,369
2778,370
2778,371
2778,372
2815,223
2815,225
2815,375
2817,223
2817,225
2817,166
2833,379
2833,330
2833,381
2855,382
2866,7
2881,7
2892,7
2903,7
2912,7
2922,388
2922,389
2927,7
2931,7
2950,7
2954,7
3000,7
3008,7
3029,7
3032,7
3039,5
3068,7
3114,5
3119,7
3126,7
3127,7
3132,7
3138,7
3144,7
3148,7
3155,7
3156,7
3157,7
3158,7
3170,7
3172,7
3174,7
3184,7
3185,5
3191,417
3191,418
3191,419
3191,420
3191,421
3211,7
3212,7
3227,7
3228,7
3230,7
3232,7
3233,19
3234,23
3234,417
3234,418
3234,419
3234,420
3236,7
3244,7
3245,7
3246,7
3248,7
3249,7
3261,7
3271,417
3271,418
3271,243
3271,419
3271,420
3276,19
3276,447
3276,448
3283,19
3283,7
3286,19
3293,19
3301,453
3301,454
3301,336
3301,456
3301,256
3303,456
3303,262
3303,460
3309,7
3319,7
3320,7
3327,7
3340,7
3341,7
3349,7
3359,7
3360,7
3364,7
3365,7
3369,7
3371,7
3373,7
3379,7
3384,7
3405,7
3407,7
3410,375
3410,131
3410,481
3410,7
3410,483
3410,484
3412,131
3412,166
3412,481
3412,483
3412,484
3413,131
3413,481
3413,301
3413,483
3415,131
3415,481
3415,7
3415,483
3415,162
3416,312
3416,131
3416,481
3416,7
3416,483
3416,504
3417,505
3417,131
3417,507
3417,481
3417,7
3417,256
3417,483
3417,512
3418,131
3418,481
3418,1
3418,2
3418,483
3419,131
3419,481
3419,483
3419,214
3419,215
3428,7
3430,7
3432,19
3450,7
3454,7
3460,7
3461,19
3471,7
3476,7
3479,7
3483,7
3494,7
3509,7
3512,7
3531,7
3553,538
3555,538
3572,7
3572,541
3572,538
3607,7
3609,7
3625,545
3625,131
3625,481
3625,301
3625,483
3625,381
3643,364
3655,552
3655,553
3655,538
3655,555
3656,538
3656,557
3657,558
3657,538
3658,538
3659,7
3659,538
3663,5
3684,5
3685,7
3697,7
3720,5
3729,568
3729,569
3745,7
3758,571
3758,572
3758,573
3758,574
3758,575
3758,576
3758,577
3759,7
3760,7
3762,7
3764,7
3774,7
3778,7
3780,7
3781,7
3784,7
3787,7
3793,7
3807,7
3812,590
3812,7
3813,19
3830,7
3840,7
3841,7
3846,7
3850,7
3859,5
3862,7
3891,7
3906,7
3961,7
3962,23
3962,604
3962,605
3962,4
3962,607
3967,7
3976,19
3980,7
3985,7
3992,7
4025,19
4026,7
4028,7
4033,616
4033,617
4033,618
4035,7
4042,19
4044,19
4049,7
4062,19
4068,616
4068,625
4068,626
4068,618
4070,616
4070,625
4070,618
4070,631
4072,616
4072,633
4072,618
4076,5
4080,7
4083,7
4085,5
4096,5
4097,5
4102,7
4114,23
4114,643
4114,644
4120,7
4125,7
4143,5
4158,648
4176,649
4176,650
4176,651
4176,652
4176,7
4176,654
4176,655
4181,656
4181,657
4181,658
4181,659
4181,660
4192,661
4192,651
4192,663
4192,664
4197,7
4199,7
4217,224
4217,668
4225,7
4230,7
4241,7
4255,7
4258,7
4270,224
4270,675
4270,676
4270,1
4270,678
4270,679
4272,7
4281,681
4281,7
4281,683
4281,684
4281,685
4282,7
4285,7
4299,7
4305,7
4316,7
4324,7
4329,692
4329,693
4329,7
4330,695
4330,696
4336,697
4341,7
4355,7
4357,7
4363,7
4369,7
4372,7
4375,7
4398,7
4405,7
4406,7
4420,7
4423,7
4432,7
4446,7
4447,7
4448,7
4473,7
4477,715
4477,716
4477,717
4477,718
4477,719
4477,720
4477,721
4491,7
4493,7
4507,7
4517,7
4537,7
4544,727
4544,728
4544,4
4550,7
4558,731
4558,732
4558,733
4564,7
4572,735
4572,736
4572,737
4572,618
4573,735
4573,736
4573,737
4573,7
4573,618
4575,735
4575,736
4575,737
4575,618
4576,7
4580,749
4580,750
4580,212
4580,214
4580,215
4583,7
4586,7
4593,7
4603,7
4607,7
4612,759
4612,760
4612,761
4612,762
4612,763
4626,735
4626,736
4626,737
4626,618
4627,735
4627,736
4627,737
4627,618
4628,7
4629,23
4629,774
4629,775
4629,776
4630,23
4630,774
4630,775
4630,776
4631,781
4631,775
4631,783
4631,776
4632,785
4632,364
4633,787
4633,788
4633,774
4633,775
4633,791
4633,776
4640,735
4640,736
4640,737
4640,618
4644,7
4651,661
4651,799
4651,663
4651,576
4652,802
4652,211
4652,804
4652,805
4652,806
4652,237
4652,808
4653,809
4653,804
4653,806
4653,812
4783,364
4785,5
4786,815
4786,816
4786,817
4786,818
4786,819
4786,820
4786,821
4786,822
4788,5
4790,824
4815,23
4815,826
4815,827
4815,828
4816,7
4824,7
4880,831
4880,832
4880,833
4880,834
4884,7
4897,382
4905,837
4905,838
4905,839
4928,7
4935,5
4938,842
4938,843
4938,844
4938,845
4939,224
4939,847
4939,848
4939,849
4939,850
4939,851
4939,852
4952,853
4952,854
4952,855
4952,856
4952,857
4956,858
4975,859
4975,860
4975,861
4975,862
4983,7
4988,5
4992,7
4993,7
4998,7
5008,7
5009,7
5011,7
5013,7
5028,7
5033,7
5034,7
5037,875
5041,7
5052,7
5056,333
5056,879
5056,880
5056,881
5056,882
5056,883
5056,884
5057,879
5057,886
5057,882
5057,888
5057,123
5057,890
5058,879
5058,882
5058,893
5058,214
5058,895
5059,7
5060,879
5060,898
5060,899
5060,805
5060,886
5077,902
5077,903
5077,788
5077,905
5077,906
5077,907
5077,908
5077,909
5077,910
5077,911
5081,7
5090,7
5102,7
5110,7
5157,916
5157,917
5157,918
5157,919
5157,920
5164,7
5165,7
5183,7
5188,7
5197,7
5201,7
5214,7
5217,7
5219,7
5222,930
5222,931
5222,932
5222,933
5233,7
5251,7
5252,7
5253,7
5271,7
5277,5
5281,940
5282,940
5283,940
5284,940
5285,940
5286,940
5293,7
5300,7
5308,7
5309,7
5310,7
5312,7
5313,7
5314,5
5320,7
5322,364
5323,364
5328,5
5330,7
5345,5
5359,7
5361,7
5362,7
5377,7
5380,7
5393,7
5395,7
5396,7
5402,968
5402,969
5402,970
5402,971
5402,972
5402,973
5402,974
5424,7
5425,7
5426,7
5432,7
5433,7
5470,7
5471,981
5471,982
5471,919
5475,802
5475,985
5475,211
5475,987
5475,988
5475,212
5477,7
5490,991
5490,131
5490,132
5490,232
5498,995
5547,996
5550,996
5550,998
5559,7
5583,7
5587,1001
5587,364
5589,7
5593,576
5593,1005
5599,7
5610,1007
5612,7
5615,5
5616,7
5632,7
5634,7
5647,7
5687,7
5692,7
5698,7
5699,7
5721,1018
5721,7
5729,7
5737,7
5742,7
5784,7
5807,7
5834,1025
5834,1026
5834,1027
5835,5
5837,7
5838,991
5838,1031
5838,1032
5838,131
5838,1034
5838,1035
5838,1036
5844,7
5847,1038
5847,1039
5847,1040
5847,1041
5858,736
5858,1043
5858,1044
5858,381
5858,1046
5859,7
5861,7
5862,1049
5862,7
5863,7
5872,7
5873,7
5874,7
5875,7
5883,7
5885,7
5887,7
5888,7
5889,7
5899,7
5915,7
5920,7
5927,7
5933,1065
5933,1066
5933,1067
5943,7
5977,1069
5977,1070
5977,1071
5977,1072
5977,1073
5977,1074
5986,1075
5986,1076
5986,1077
5986,381
5990,7
5999,7
6011,7
6014,19
6014,7
6016,7
6028,7
6046,7
6050,7
6058,7
6061,7
6069,1090
6069,7
6071,7
6090,1093
6090,23
6090,131
6090,132
6090,7
6098,19
6099,7
6104,19
6113,19
6121,7
6122,1103
6122,1104
6122,1105
6124,7
6125,716
6125,7
6125,330
6125,1110
6127,7
6141,7
6144,23
6144,1114
6144,1115
6144,1116
6144,7
6151,7
6155,7
6156,7
6157,7
6163,7
6166,7
6172,1124
6184,7
6185,7
6197,7
6198,7
6199,7
6202,7
6209,7
6210,7
6211,7
6218,7
6231,7
6232,7
6239,7
6240,7
6251,7
6252,7
6261,7
6268,7
6270,1143
6270,1144
6270,1043
6270,7
6270,381
6270,576
6270,1149
6271,7
6276,7
6277,7
6283,1153
6283,23
6283,7
6283,1156
6283,1157
6284,334
6284,1159
6287,1160
6287,1161
6287,1162
6287,1163
6287,1164
6287,1165
6287,325
6287,1167
6287,1168
6287,1169
6287,1170
6303,19
6305,7
6308,7
6314,1153
6314,1175
6314,1156
6314,1157
6330,1178
6330,1179
6330,1114
6330,1181
6330,1115
6330,96
6333,1179
6333,1114
6333,1181
6333,1115
6333,96
6335,1179
6335,1181
6335,301
6335,96
6339,1193
6339,1194
6339,1195
6339,1196
6339,1197
6339,1198
6343,5
6346,7
6351,7
6356,1202
6356,1203
6356,1204
6356,1205
6356,1206
6356,1207
6356,1208
6356,1209
6356,1210
6356,1211
6359,5
6362,1213
6366,5
6367,5
6368,325
6368,1217
6368,1218
6369,1219
6369,1220
6369,1221
6369,1222
6373,5
6376,7
6395,7
6397,7
6398,5
6399,7
6402,1229
6402,1230
6402,1231
6402,1232
6403,1233
6403,1234
6403,1235
6403,1149
6439,1237
6439,1238
6439,1239
6439,1240
6439,1241
6439,1242
6439,1243
6439,1244
6439,281
6439,1246
6439,1247
6439,1248
6455,7
6456,7
6463,7
6490,7
6515,7
6521,7
6522,7
6528,5
6545,7
6554,33
6554,1259
6554,1260
6554,325
6554,1262
6558,7
6563,1264
6563,1265
6563,1266
6563,1267
6563,1268
6571,1269
6571,162
6603,5
6604,7
6609,1273
6609,1274
6609,1275
6612,5
6613,7
6616,1278
6616,1279
6616,1280
6621,364
6634,7
6643,1283
6643,1284
6643,1241
6643,1286
6643,86
6679,7
6682,7
6703,1290
6703,1291
6703,1292
6703,1293
6703,1294
6705,7
6707,7
6708,7
6709,7
6712,7
6713,7
6714,19
6718,19
6735,7
6740,1304
6740,838
6740,1306
6740,1307
6740,1308
6740,1309
6740,1310
6740,812
6740,1312
6740,1313
6740,1314
6749,7
6754,7
6764,1317
6764,1318
6764,1319
6764,237
6764,1321
6764,4
6764,1323
6765,1324
6786,7
6788,7
6789,7
6790,7
6792,1329
6792,131
6792,1331
6792,132
6792,1284
6796,19
6797,7
6800,7
6803,7
6813,7
6824,7
6854,7
6855,7
6861,7
6862,7
6870,7
6890,7
6898,7
6899,7
6915,7
6916,1001
6916,1350
6922,7
6923,7
6932,7
6944,7
6945,7
6956,19
6957,5
6967,7
6968,7
6973,19
6986,7
6989,7
6989,1363
6989,1364
6991,1365
6994,5
6996,7
6997,19
7001,19
7008,7
7011,19
7014,7
7016,7
7017,7
7018,7
7023,19
7025,19
7028,7
7029,7
7045,7
7047,7
7052,1382
7052,224
7052,1384
7052,1385
7052,1386
7052,1387
7052,842
7052,1389
7052,1390
7053,7
7055,7
7057,7
7063,1394
7063,1395
7063,262
7067,5
7071,7
7077,7
7078,7
7082,7
7082,1363
7082,1364
7083,7
7083,1363
7083,1364
7084,7
7084,1363
7084,1364
7086,7
7086,1363
7086,1364
7087,7
7088,7
7090,19
7095,7
7096,5
7097,7
7098,7
7100,7
7102,7
7104,7
7105,7
7106,7
7107,7
7128,7
7147,7
7153,19
7161,7
7162,7
7163,7
7172,7
7208,7
7220,7
7226,1435
7226,1363
7227,1363
7227,1364
7234,7
7236,7
7254,7
7258,7
7260,7
7275,5
7277,1445
7277,1446
7277,1447
7277,1448
7285,1449
7285,1450
7285,1451
7285,1452
7289,7
7293,7
7305,1445
7305,262
7305,1457
7313,1458
7313,1459
7313,1460
7326,1461
7326,1462
7326,1463
7326,1464
7326,1465
7326,111
7333,1445
7333,1468
7333,1469
7333,1470
7333,1471
7333,1472
7337,7
7346,7
7353,1475
7353,1241
7353,1477
7353,281
7383,1479
7383,1480
7383,1481
7383,1482
7404,545
7404,1484
7404,1485
7404,1486
7409,131
7409,1488
7417,7
7420,7
7421,7
7422,1492
7422,1493
7422,19
7422,1495
7422,1181
7422,919
7422,1498
7424,1499
7424,1500
7424,1501
7424,1502
7427,1493
7427,19
7427,1495
7427,1181
7427,919
7427,1498
7427,1509
7427,1510
7428,1511
7428,1512
7428,1493
7428,19
7428,1495
7428,1181
7428,919
7428,1498
7429,1493
7429,19
7429,1495
7429,1181
7429,1523
7429,919
7429,1498
7430,1526
7430,1527
7430,1528
7430,1493
7430,19
7430,1495
7430,1181
7430,919
7430,1534
7430,1498
7430,1536
7430,1537
7431,1493
7431,1539
7431,1540
7431,1541
7431,19
7431,1495
7431,1181
7431,919
7431,1498
7432,1493
7432,19
7432,1495
7432,1181
7432,1551
7432,919
7432,1498
7433,1493
7433,1495
7433,1181
7433,919
7433,1558
7433,1559
7433,1498
7437,19
7438,19
7438,7
7440,7
7442,7
7449,7
7450,19
7453,19
7462,7
7465,19
7466,19
7466,7
7467,19
7468,19
7471,19
7482,7
7486,736
7486,1318
7486,1579
7486,1181
7486,301
7486,1582
7486,1583
7486,1584
7486,381
7486,1323
7486,1587
7509,19
7512,19
7513,19
7514,19
7517,19
7521,7
7523,7
7526,19
7526,7
7527,19
7532,7
7545,224
7545,1600
7545,1601
7545,1602
7545,1603
7545,717
7545,1605
7545,7
7549,7
7550,19
7556,19
7564,19
7576,5
7577,7
7586,19
7587,7
7602,19
7621,1616
7621,1617
7621,1618
7627,7
7633,1620
7633,1621
7645,7
7647,1623
7647,1624
7647,1625
7648,7
7649,19
7651,7
7652,19
7653,19
7654,19
7655,19
7656,19
7657,7
7658,19
7668,19
7673,7
7680,1638
7680,1479
7680,1640
7680,733
7680,1642
7690,7
7692,7
7706,1645
7706,1646
7707,19
7709,19
7710,1649
7710,1650
7710,1651
7711,1652
7724,1317
7724,1654
7741,7
7742,7
7766,1657
7766,1658
7766,1659
7766,1660
7766,1661
7766,1662
7766,1663
7766,1664
7766,1665
7769,7
7777,19
7785,7
7787,569
7798,7
7804,7
7806,340
7806,1673
7806,7
7822,5
7829,7
7830,7
7833,5
7835,7
7836,1680
7836,1681
7836,1682
7836,1683
7836,1684
7837,7
7845,7
7846,1687
7846,1688
7846,131
7846,1690
7846,166
7846,1692
7846,1
7846,1694
7846,1695
7846,1696
7846,347
7846,1698
7846,162
7846,381
7846,111
7846,1702
7846,1703
7846,1704
7846,1684
7855,7
7872,7
7873,7
7876,7
7887,7
7888,7
7898,7
7901,7
7907,7
7908,7
7916,1716
7916,114
7916,1718
7916,1719
7916,330
7916,663
7916,381
7916,307
7918,1724
7918,1725
7918,1726
7919,1727
7919,1728
7919,1729
7958,7
7962,1731
7962,1732
7969,7
7979,1734
7979,23
7979,7
7979,1292
7979,1293
7989,19
7989,7
7990,19
7990,7
7991,19
7991,7
7992,19
7992,7
8010,7
8014,5
8019,19
8020,7
8032,1751
8032,1752
8032,1753
8034,19
8035,19
8036,19
8040,7
8043,7
8046,7
8057,7
8058,1761
8058,1762
8058,1763
8058,7
8058,1765
8069,1734
8069,162
8069,1292
8069,1293
8070,1734
8070,262
8070,1292
8070,1293
8071,1734
8071,256
8071,1292
8071,1293
8077,19
8077,7
8078,19
8079,19
8080,19
8081,19
8082,7
8084,7
8088,7
8100,1787
8100,1788
8103,1789
8103,1790
8104,7
8105,1792
8105,1793
8105,1794
8105,1795
8106,1796
8106,1797
8106,1103
8106,214
8106,216
8108,19
8108,7
8111,7
8112,19
8113,19
8115,19
8115,7
8117,7
8134,19
8135,19
8136,19
8137,19
8139,19
8141,19
8142,19
8143,19
8146,23
8146,1284
8146,1819
8146,7
8146,1293
8146,1822
8146,1823
8148,19
8149,19
8150,19
8153,7
8154,7
8157,19
8157,7
8158,19
8160,19
8161,19
8161,7
8162,19
8163,19
8165,19
8166,19
8167,19
8171,19
8184,1841
8184,1842
8184,1843
8184,1844
8185,1845
8185,1390
8185,1847
8188,19
8193,19
8193,7
8196,19
8197,19
8199,19
8201,19
8202,19
8211,19
8219,19
8234,7
8237,7
8240,7
8251,19
8257,19
8258,19
8267,7
8272,7
8280,19
8282,19
8288,19
8290,19
8291,19
8292,7
8294,19
8307,19
8308,19
8309,19
8310,19
8315,19
8315,7
8316,19
8317,19
8321,7
8322,7
8323,19
8324,7
8325,19
8331,1886
8331,1887
8331,576
8332,1886
8332,1887
8332,576
8333,1886
8333,1887
8333,214
8333,215
8333,576
8334,1886
8334,1887
8334,214
8334,576
8335,1901
8335,1902
8335,1886
8335,1904
8335,576
8336,7
8337,7
8338,7
8352,1909
8352,576
8358,129
8358,131
8358,132
8358,256
8359,576
8359,1916
8359,1486
8361,1918
8361,1193
8361,1920
8361,1921
8361,1922
8361,1923
8361,1924
8362,129
8362,131
8362,1
8362,2
8362,132
8363,129
8363,131
8363,259
8363,262
8364,129
8364,131
8364,132
8364,237
8366,7
8367,7
8372,19
8374,19
8374,7
8375,19
8379,19
8391,7
8400,19
8401,19
8402,19
8403,19
8404,19
8405,19
8408,19
8409,1241
8409,162
8409,1955
8413,7
8427,7
8428,1958
8428,23
8428,1960
8428,1103
8429,1958
8429,1103
8429,262
8429,1284
8430,1966
8430,1103
8430,1284
8430,162
8431,1958
8431,1103
8431,1284
8431,298
8432,1958
8432,1103
8432,1284
8432,162
8433,1958
8433,1
8433,1980
8433,2
8433,1103
8433,1284
8434,1958
8434,505
8434,507
8434,1103
8434,1284
8434,1989
8435,1958
8435,23
8435,643
8435,1960
8435,1103
8436,1958
8436,1960
8436,1103
8436,1704
8436,1999
8437,1958
8437,668
8437,1960
8437,1103
8438,19
8439,19
8445,1958
8445,1103
8445,2008
8446,1958
8446,805
8446,1103
8446,237
8447,1958
8447,1960
8447,1103
8447,233
8450,19
8450,7
8451,7
8456,2020
8456,2021
8456,2022
8456,2023
8456,2024
8456,2025
8456,2026
8456,2027
8456,4
8456,2029
8458,5
8466,5
8479,2032
8482,7
8483,19
8483,7
8484,19
8485,7
8518,2038
8518,381
8518,576
8532,1652
8554,7
8555,19
8571,2044
8571,2045
8571,2046
8571,2047
8571,312
8571,2049
8571,2050
8571,2051
8571,2052
8571,2053
8571,2054
8571,2055
8571,2056
8571,2057
8573,2058
8621,2059
8621,1260
8621,325
8621,2062
8627,2063
8639,2063
8657,2065
8657,2066
8657,1284
8657,1241
8657,111
8657,281
8666,7
8683,7
8689,7
8695,7
8699,2075
8700,7
8707,7
8717,2078
8742,7
8743,7
8773,7
8780,7
8805,1026
8805,2084
8805,2085
8806,7
8809,7
8823,1265
8823,2089
8834,7
8836,7
8840,5
8889,626
8889,2094
8889,733
8889,2096
8889,381
8889,2098
8911,7
8920,2100
8920,2101
8920,2102
8920,2103
8920,576
8920,2105
8921,5
8922,5
8926,2108
8926,2109
8926,86
8928,2111
8928,2112
8928,2113
8933,2114
8942,7
8944,2116
8944,2117
8944,788
8944,906
8946,7
8975,5
8980,7
8981,7
8982,7
8983,7
8990,2126
8990,2127
8990,2128
8990,1103
8990,1284
8990,2131
8990,2132
8992,7
8992,2134
9022,1458
9022,2136
9022,2137
9022,2138
9022,2139
9028,7
9031,7
9036,7
9037,7
9038,7
9041,7
9042,5
9054,5
9055,5
9085,7
9088,7
9092,7
9094,7
9096,2153
9096,2154
9096,2155
9096,2156
9096,2157
9097,7
9098,7
9111,5
9112,736
9112,2162
9112,618
9115,7
9119,7
9135,5
9141,7
9147,19
9148,19
9154,7
9155,7
9156,7
9158,19
9173,2174
9181,7
9182,7
9187,7
9197,7
9212,19
9213,19
9225,19
9246,19
9246,7
9247,7
9248,19
9248,7
9249,7
9250,7
9253,7
9254,7
9258,5
9260,19
9276,1265
9276,2194
9277,1265
9277,2089
9277,2197
9278,1265
9278,2199
9279,1265
9279,2201
9282,1265
9282,2089
9283,1265
9283,2205
9284,1265
9284,2207
9285,1265
9285,2089
9286,1265
9286,2211
9288,1265
9288,2213
9289,1265
9289,2213
9290,1265
9290,2211
9291,1265
9291,2211
9292,1265
9292,2221
9293,1265
9293,2221
9295,7
9295,1265
9295,2221
9296,1264
9296,1265
9296,1267
9296,1268
9297,7
9297,1265
9297,2221
9298,7
9298,1265
9298,2221
9299,2237
9299,1265
9299,2221
9300,1265
9300,2241
9301,1265
9301,2241
9302,1265
9302,2205
9303,1265
9303,2205
9304,1265
9304,2241
9305,1265
9305,2194
9306,1265
9306,2205
9307,1265
9307,2241
9308,2205
9309,7
9309,1265
9309,2259
9315,19
9317,19
9318,1265
9318,2263
9325,1265
9325,2194
9326,1264
9326,1265
9326,1267
9326,2269
9327,7
9332,19
9337,19
9340,19
9343,19
9348,7
9363,7
9365,19
9368,19
9383,2279
9383,324
9383,2281
9383,1075
9383,2027
9383,2284
9383,1584
9383,2286
9384,2279
9384,2066
9384,2281
9384,1584
9384,2286
9393,736
9393,2293
9402,2294
9402,2295
9402,2296
9405,7
9411,19
9413,19
9416,19
9416,7
9417,19
9417,7
9418,19
9419,19
9419,7
9424,7
9427,2308
9427,2309
9427,716
9427,880
9427,2312
9427,1390
9428,7
9432,2315
9432,2316
9432,2317
9432,2318
9432,2319
9432,2320
9432,2321
9432,2322
9436,2323
9436,2324
9436,2325
9436,2326
9436,2327
9436,2328
9436,2329
9436,2330
9444,7
9463,19
9463,2333
9463,2334
9463,7
9463,2336
9463,2337
9463,2338
9471,19
9476,7
9489,7
9493,7
9501,2343
9501,2344
9501,2345
9501,2346
9510,19
9512,19
9512,7
9519,7
9545,2351
9545,2352
9545,2353
9545,2354
9545,2355
9551,2356
9551,2357
9551,2358
9551,2359
9551,2360
9551,2361
9551,2362
9551,2363
9551,920
9559,2365
9559,838
9559,1306
9559,1308
9559,108
9559,805
9559,1043
9559,1309
9559,1579
9559,237
9559,812
9559,4
9559,2377
9559,2378
9559,2379
9559,1314
9560,7
9567,2382
9567,2383
9575,7
9579,5
9606,2386
9606,1751
9606,2388
9606,2389
9606,7
9606,2391
9606,2392
9608,7
9609,7
9621,2395
9621,2396
9621,507
9621,2398
9621,2399
9621,2400
9621,4
9621,1312
9621,2403
9623,1304
9623,838
9623,1306
9623,1308
9623,2408
9623,2409
9623,2066
9623,1309
9623,812
9623,1312
9623,2414
9623,1314
9624,7
9625,2417
9625,1265
9625,2419
9626,2417
9626,1265
9626,2263
9627,2417
9627,1265
9628,2417
9628,1265
9628,2263
9629,2417
9629,1265
9630,2417
9630,1265
9630,2263
9631,2417
9631,1265
9632,2417
9632,1265
9632,1268
9633,2438
9633,2439
9637,2395
9637,2441
9637,2398
9637,2443
9637,655
9637,142
9637,791
9637,2447
9638,2448
9642,7
9643,7
9665,19
9672,2452
9672,2453
9672,381
9672,812
9674,2456
9674,7
9674,10
9684,2459
9684,2460
9684,2461
9686,7
9687,7
9689,7
9690,7
9698,2466
9698,2467
9698,2468
9698,2469
9698,2470
9698,2471
9706,7
9707,19
9709,2474
9709,2475
9709,2476
9709,2477
9709,2478
9710,2479
9710,850
9710,2481
9711,1283
9711,2483
9711,576
9712,2485
9712,2486
9712,2487
9713,2488
9713,2489
9713,2490
9713,2491
9713,2492
9713,2493
9713,2494
9713,2495
9716,2496
9716,2497
9716,2498
9716,1039
9716,812
9716,2501
9716,2502
9717,10
9736,7
9737,7
9749,19
9751,2507
9751,2508
9751,2509
9751,760
9751,2511
9755,19
9756,19
9765,19
9767,7
9772,2516
9772,2517
9772,1304
9772,2488
9772,2489
9772,2521
9772,2522
9772,2523
9772,2494
9772,2495
9772,2526
9772,2527
9782,2528
9811,7
9814,7
9824,2395
9824,838
9824,1306
9824,2534
9824,2396
9824,507
9824,2537
9824,2538
9824,2539
9824,2540
9824,2541
9824,654
9824,2543
9824,655
9824,4
9824,1312
9824,2547
9839,19
9843,7
9846,7
9856,7
9867,23
9867,19
9867,2554
9867,2555
9867,2556
9867,2557
9867,2558
9871,19
9874,7
9876,19
9878,19
9880,19
9888,7
9897,7
9899,7
9905,2567
9905,2568
9905,2569
9923,2485
9923,2571
9923,2572
9923,2573
9923,2574
9923,2575
9926,19
9927,7
9934,7
9937,2579
9940,7
9941,7
9945,7
9947,19
9949,7
9950,19
9953,19
9962,19
9972,7
9983,7
9988,7
10003,7
10004,19
10006,19
10007,19
10007,7
10012,7
10013,19
10014,19
10018,19
10018,7
10028,7
10033,7
10034,19
10043,7
10045,7
10046,2606
10046,2607
10046,2608
10049,7
10050,7
10055,7
10061,7
10076,19
10078,7
10088,7
10091,2365
10091,2617
10091,838
10091,1306
10091,262
10091,812
10091,2622
10091,1292
10091,1293
10092,23
10092,291
10092,838
10092,1306
10092,643
10092,2630
10092,791
10092,2632
10092,812
10092,1312
10092,1292
10092,1293
10094,2637
10094,2365
10094,838
10094,1306
10094,2641
10094,2642
10094,805
10094,1309
10094,727
10094,237
10094,812
10094,4
10094,1312
10094,307
10094,2379
10094,1314
10127,2365
10127,805
10127,1309
10127,237
10127,812
10127,2658
10127,307
10127,2379
10129,7
10132,838
10132,1306
10132,2534
10132,2398
10132,2538
10132,788
10132,2539
10132,2399
10132,2400
10132,812
10132,2547
10133,2673
10133,2674
10133,2675
10133,2676
10133,2677
10133,2678
10133,2679
10133,7
10133,2681
10133,10
10133,216
10140,2684
10140,2685
10140,2686
10140,2687
10140,2688
10140,2689
10140,7
10140,2691
10140,2692
10140,2693
10140,2694
10140,2695
10140,2696
10140,10
10144,7
10145,2699
10145,381
10145,4
10145,2702
10145,2703
10145,2295
10145,2705
10147,2706
10147,2707
10147,2708
10147,2709
10147,2710
10147,2711
10147,381
10147,812
10147,2295
10149,2706
10149,2716
10149,2708
10149,324
10149,2317
10149,2720
10149,2295
10155,838
10155,2534
10155,2396
10155,2398
10155,2538
10155,788
10155,2540
10155,2399
10155,812
10155,4
10155,2547
10164,7
10186,7
10190,2735
10190,2736
10190,2737
10190,2738
10190,2739
10190,381
10190,4
10190,2295
10191,2735
10191,2706
10191,2708
10191,2746
10191,2747
10191,2720
10191,381
10191,2658
10191,2295
10192,2735
10192,2708
10192,2754
10192,2720
10192,381
10192,4
10192,2295
10193,2735
10193,2708
10193,2737
10193,2720
10193,2711
10193,381
10193,4
10193,2295
10194,2689
10194,2768
10194,2769
10194,576
10194,111
10196,716
10196,2773
10197,2774
10197,2775
10197,166
10197,1475
10197,2778
10199,2637
10199,2642
10199,2685
10199,2782
10199,2783
10199,2784
10199,2785
10199,7
10199,2391
10199,2788
10199,2789
10199,2790
10201,7
10203,5
10204,2793
10204,849
10204,2795
10208,7
10209,7
10211,2798
10211,2799
10211,2800
10211,2801
10211,2802
10211,2803
10211,2804
10211,2805
10211,118
10211,2053
10211,2808
10213,2809
10213,7
10213,2811
10213,10
10220,2813
10224,7
10229,7
10230,7
10235,7
10236,5
10237,7
10239,7
10269,7
10275,7
10283,2823
10283,1680
10283,2825
10283,1043
10283,2827
10283,1241
10283,2829
10283,7
10283,2831
10286,7
10289,7
10295,7
10298,7
10302,2836
10302,2837
10303,7
10303,2836
10303,2837
10304,2836
10304,2837
10305,2836
10305,2837
10306,7
10306,2836
10306,2837
10309,7
10325,7
10327,617
10327,417
10327,788
10327,2853
10327,576
10328,2855
10328,2856
10328,7
10328,2858
10328,2859
10328,2860
10328,2861
10328,1752
10328,10
10328,2864
10328,2865
10328,2866
10328,216
10328,2868
10334,86
10334,1293
10334,1822
10334,2872
10342,7
10347,7
10356,2823
10356,2876
10356,2684
10356,2878
10356,2685
10356,2783
10356,2687
10356,2827
10356,1241
10356,2884
10356,2391
10356,2886
10356,2789
10356,911
10356,2889
10356,2890
10356,10
10356,2866
10371,7
10377,7
10380,2386
10380,2896
10380,2878
10380,2685
10380,2783
10380,2785
10380,7
10380,2902
10380,2788
10380,2789
10380,2399
10380,911
10381,7
10384,2809
10384,2783
10384,2910
10384,7
10384,2912
10384,2391
10384,2788
10384,2789
10384,2399
10384,911
10384,10
10384,2919
10385,2920
10385,2921
10385,2782
10385,2910
10385,2924
10385,2884
10385,7
10385,2391
10385,2886
10385,2789
10385,2930
10385,911
10385,2932
10385,10
10385,2934
10385,2919
10399,7
10400,2937
10400,33
10400,325
10400,2940
10402,2941
10402,2942
10402,2853
10402,576
10402,2945
10420,23
10421,7
10422,7
10425,2853
10425,576
10425,307
10428,19
10431,2953
10431,2954
10431,2853
10431,576
10432,23
10432,2953
10432,2853
10432,576
10443,19
10444,19
10451,2032
10481,19
10484,2386
10484,2966
10484,2967
10484,2878
10484,2685
10484,2782
10484,2971
10484,2910
10484,7
10484,2902
10484,2975
10484,911
10484,2977
10484,2919
10486,7
10487,7
10488,7
10495,7
10514,2983
10514,2984
10514,2985
10517,19
10518,19
10519,7
10536,19
10537,19
10542,7
10543,7
10555,2993
10555,2994
10569,7
10590,7
10596,7
10597,1795
10597,2999
10601,7
10607,19
10608,19
10609,19
10633,19
10636,19
10649,19
10652,19
10653,7
10655,7
10664,3010
10664,330
10664,3012
10664,2487
10664,3014
10667,19
10668,7
10669,19
10669,3018
10669,4
10669,1390
10671,19
10675,19
10680,19
10686,7
10689,7
10708,19
10715,7
10720,7
10721,7
10729,96
10729,304
10729,1704
10729,3033
10733,3034
10733,3035
10733,417
10733,96
10733,1704
10733,3033
10734,3034
10734,3041
10734,96
10734,1704
10734,3033
10737,19
10751,7
10752,7
10753,7
10756,301
10756,96
10756,1704
10756,3033
10768,1304
10768,3054
10768,1308
10768,108
10768,1309
10768,237
10768,3059
10768,3060
10768,791
10768,307
10768,3063
10768,2379
10774,7
10775,19
10776,19
10779,7
10794,19
10795,3070
10795,817
10795,3072
10796,19
10800,7
10809,7
10816,7
10830,7
10838,7
10839,7
10841,3080
10842,3080
10842,7
10843,3080
10852,7
10871,19
10872,19
10881,7
10882,7
10883,7
10885,3090
10885,1103
10885,3092
10885,243
10900,3094
10901,3094
10908,7
10910,7
10911,3098
10911,333
10911,2775
10911,262
10911,4
10913,7
10916,1795
10916,2999
10917,1795
10917,2999
10918,1795
10918,2999
10939,3110
10939,3111
10953,7
10957,569
10958,838
10958,1306
10958,3060
10958,2399
10958,812
10958,1312
10958,1314
10959,3121
10959,3122
10959,3123
10963,7
10970,5
10972,3126
10972,324
10972,3128
10972,3129
10975,2237
10977,23
10977,3132
10977,3133
10977,3134
10977,2
10977,347
10977,3137
10977,812
10977,1312
10977,3140
10977,350
10977,3142
10978,108
10978,2409
10978,1579
10978,2827
10978,2866
10980,5
10983,3149
10983,7
10983,3151
10985,3152
10986,569
10989,3154
10992,1304
10992,838
10992,1306
10992,805
10992,1309
10992,237
10992,2902
10992,812
10992,1312
10992,1314
10997,2675
10997,3166
10997,3167
10997,3168
10997,3169
10997,7
10997,3171
10997,3172
10997,3173
10997,2694
10997,2378
10997,3176
10997,2695
10997,576
10997,2859
10997,2868
10997,3181
10999,569
11013,2967
11013,3184
11013,3185
11013,29
11013,3187
11013,7
11013,3189
11013,3190
11013,3191
11013,911
11013,3193
11013,2889
11013,3195
11013,3196
11015,3197
11015,3198
11015,3199
11015,3200
11015,3201
11015,3202
11019,224
11019,3204
11019,3205
11019,3206
11023,2782
11023,2687
11023,2910
11023,3210
11023,7
11023,2399
11023,911
11023,3214
11023,2919
11040,7
11041,131
11041,3218
11041,162
11041,3220
11045,7
11047,3222
11047,2066
11047,2281
11047,3225
11047,3226
11047,3227
11047,1584
11047,111
11048,7
11051,1652
11052,3232
11052,860
11052,4
11054,1382
11054,3236
11054,3237
11058,3238
11060,3239
11060,1161
11060,3241
11060,108
11060,3243
11060,3244
11060,3245
11060,325
11060,791
11060,3063
11060,3249
11061,3250
11061,3251
11061,838
11061,1306
11061,2383
11061,1680
11061,3256
11061,108
11061,3258
11061,3259
11061,1026
11061,3261
11061,3262
11061,3263
11061,3264
11061,3265
11061,3266
11061,812
11061,1312
11061,3269
11061,1704
11061,3271
11063,2836
11064,5
11065,2207
11066,2207
11069,2207
11070,5
11075,3278
11075,3279
11075,3280
11075,2876
11075,3282
11075,7
11075,911
11075,2790
11075,3286
11075,3287
11087,2836
11093,2199
11096,333
11096,3291
11096,3292
11096,1
11097,3294
11097,3295
11097,238
11097,862
11102,668
11102,838
11102,1306
11102,3133
11102,3134
11102,2
11102,3304
11102,3305
11102,812
11102,3307
11102,3140
11102,350
11102,1704
11102,158
11102,3312
11104,1304
11104,3314
11104,838
11104,1306
11104,507
11104,336
11104,3060
11104,812
11104,1312
11105,838
11105,1306
11105,3324
11105,262
11105,3326
11105,3327
11105,2902
11105,812
11105,1312
11106,2315
11106,3332
11106,312
11106,108
11106,2066
11106,3336
11106,3337
11106,3338
11106,3339
11106,2054
11106,3063
11106,3342
11112,1652
11129,1445
11129,3345
11129,3346
11129,3347
11148,3348
11148,2809
11148,2783
11148,2910
11148,2884
11148,7
11148,2391
11148,3355
11148,2788
11148,2789
11148,791
11148,3359
11148,3360
11148,3361
11148,2919
11150,333
11150,3364
11150,3365
11150,717
11150,3367
11150,111
11150,3369
11154,7
11156,7
11159,7
11161,7
11163,3374
11163,838
11163,1306
11163,2825
11163,3134
11163,1
11163,2
11163,142
11163,791
11163,812
11163,1312
11163,350
11163,3142
11164,838
11164,3388
11164,347
11164,162
11164,812
11164,1312
11164,3393
11164,350
11165,3395
11165,668
11165,838
11165,1306
11165,3399
11165,3400
11165,3401
11165,142
11165,791
11165,812
11165,4
11165,1704
11166,3314
11166,507
11166,336
11167,838
11167,1306
11167,166
11167,3336
11167,2687
11167,2688
11167,2053
11167,2054
11167,3418
11167,812
11167,1312
11167,3421
11167,3422
11167,3423
11167,3342
11168,2685
11168,3426
11168,3427
11168,626
11168,3429
11168,2058
11168,3431
11168,2924
11168,3433
11168,7
11168,2391
11168,2889
11168,10
11168,3361
11168,3393
11178,2365
11178,838
11178,1306
11178,3443
11178,108
11178,2409
11178,2066
11178,3447
11178,1309
11178,2902
11178,812
11178,1312
11178,307
11178,3063
11178,1314
11179,3455
11179,3456
11179,1306
11179,3458
11179,108
11179,2409
11179,805
11179,1310
11179,243
11179,2902
11179,812
11179,1312
11179,307
11179,3063
11180,3469
11180,617
11180,3471
11180,805
11180,1043
11180,3474
11180,3475
11180,3476
11180,3477
11180,2902
11180,3479
11180,1314
11184,2365
11184,838
11184,1306
11184,1308
11184,805
11184,2360
11184,1309
11184,3488
11184,1310
11184,812
11184,1312
11184,3492
11184,3493
11184,307
11184,1314
11185,7
11196,7
11209,3498
11209,3499
11213,3500
11213,2685
11213,2809
11213,3503
11213,2783
11213,7
11213,2391
11213,2886
11213,2789
11213,3509
11213,911
11213,2889
11213,2932
11213,2919
11214,23
11214,3515
11214,3516
11214,3517
11240,2315
11240,324
11240,3520
11240,108
11240,2409
11240,2066
11240,3524
11240,3525
11240,3526
11240,3063
11241,1528
11241,838
11241,1306
11241,3531
11241,2360
11241,3324
11241,262
11241,3326
11241,2902
11241,812
11241,1312
11241,3539
11243,1796
11243,3541
11243,3542
11244,3543
11244,1306
11244,108
11244,2409
11244,3134
11244,2
11244,812
11244,1312
11244,350
11244,3552
11246,23
11246,1308
11246,237
11246,3556
11248,7
11251,7
11255,3280
11255,2876
11255,3561
11255,2684
11255,3563
11255,2685
11255,3565
11255,2924
11255,7
11255,3568
11255,3569
11255,2391
11255,3571
11255,2788
11255,3573
11255,2789
11255,142
11255,791
11255,911
11255,2889
11255,2932
11255,10
11255,3361
11257,3561
11257,2878
11257,2685
11257,2809
11257,3586
11257,2910
11257,7
11257,2391
11257,2788
11257,2789
11257,911
11257,2889
11257,2890
11257,2932
11257,2919
11258,3167
11258,7
11258,2859
11258,216
11258,2868
11259,2685
11259,3603
11259,911
11259,3193
11259,3606
11259,3607
11260,3608
11260,2878
11260,2685
11260,3427
11260,626
11260,2910
11260,2924
11260,7
11260,2391
11260,2886
11260,3573
11260,2789
11260,2399
11260,3621
11260,791
11260,911
11260,2790
11260,2889
11260,2890
11260,2932
11260,3361
11260,3393
11260,350
11264,3631
11264,3632
11267,7
11268,7
11269,7
11271,7
11272,7
11277,1284
11277,1241
11277,882
11278,5
11279,3642
11280,3642
11281,5
11286,2386
11286,2876
11286,3561
11286,3648
11286,2685
11286,2809
11286,3565
11286,3427
11286,626
11286,2924
11286,3655
11286,7
11286,2391
11286,2886
11286,3571
11286,2789
11286,142
11286,791
11286,911
11286,2889
11286,512
11286,3666
11286,3361
11286,3393
11286,350
11288,2876
11288,3671
11288,2782
11288,3673
11288,2783
11288,3675
11288,2924
11288,2884
11288,7
11288,2391
11288,2788
11288,791
11288,911
11288,2889
11288,2890
11288,3361
11290,3561
11290,2878
11290,2685
11290,2783
11290,3675
11290,2910
11290,3692
11290,7
11290,2391
11290,2886
11290,3696
11290,2789
11290,911
11290,2889
11290,2932
11291,3701
11291,3431
11291,3703
11291,3704
11291,3705
11291,7
11291,111
11291,3708
11312,838
11312,1306
11312,108
11312,2409
11312,3713
11312,3714
11312,262
11312,3716
11312,2902
11312,812
11312,1312
11313,3720
11313,3721
11313,3722
11313,3723
11313,3724
11313,3725
11313,3726
11313,3133
11313,3728
11313,347
11313,162
11313,576
11313,3732
11313,3733
11313,3734
11314,838
11314,1306
11314,3737
11314,3738
11314,3739
11314,812
11314,1312
11314,350
11314,1704
11314,3744
11314,1999
11315,3746
11315,324
11315,3748
11315,3749
11315,312
11315,3751
11315,166
11315,3336
11315,1694
11315,3755
11315,2054
11315,3421
11315,2056
11315,3759
11316,1304
11316,838
11316,1306
11316,805
11316,1309
11316,237
11316,1310
11316,812
11316,1312
11316,1313
11316,1314
11317,108
11317,2360
11317,1310
11317,3774
11317,3775
11317,3539
11319,2365
11319,3778
11319,1306
11319,1308
11319,1309
11319,812
11319,1312
11319,2379
11319,1314
11323,7
11331,5
11332,23
11332,3789
11332,3790
11332,7
11332,3792
11339,1304
11339,838
11339,1306
11339,108
11339,805
11339,1309
11339,3799
11339,237
11339,3801
11339,812
11339,1312
11339,307
11342,7
11344,3806
11344,3807
11344,131
11344,3809
11344,3810
11344,3811
11344,4
11344,3813
11344,3814
11344,3815
11346,7
11354,3806
11354,131
11354,3809
11354,3820
11354,1284
11354,3822
11354,381
11354,3813
11354,304
11354,3814
11354,3815
11354,3828
11356,3829
11356,3830
11356,3831
11356,3832
11356,3833
11356,3834
11366,3835
11366,3836
11370,2066
11370,1284
11378,5
11380,3840
11380,3054
11380,3842
11380,3843
11380,1308
11380,108
11380,2409
11380,1309
11380,3848
11380,3063
11380,1314
11381,2365
11381,838
11381,1306
11381,108
11381,2409
11381,1043
11381,1309
11381,1310
11381,381
11381,3860
11381,3861
11381,3862
11381,1312
11381,307
11381,3063
11381,1314
11382,5
11383,7
11386,19
11386,7
11387,7
11392,23
11392,3873
11392,838
11392,1306
11392,108
11392,812
11392,1312
11392,3879
11404,23
11404,3873
11404,838
11404,3883
11404,3884
11404,3885
11404,812
11404,1312
11404,218
11410,7
11423,7
11428,7
11436,7
11439,7
11440,7
11441,7
11445,7
11455,7
11465,19
11469,7
11476,7
11478,7
11482,7
11489,3903
11489,3904
11489,3905
11489,2685
11489,1579
11489,7
11489,2399
11489,3910
11489,3911
11489,3912
11489,911
11489,2889
11489,553
11491,7
11495,7
11507,19
11520,7
11525,7
11547,7
11562,7
11580,7
11581,7
11617,19
11626,19
11627,3561
11627,3671
11627,3929
11627,2685
11627,3931
11627,2785
11627,7
11627,2391
11627,2886
11627,3910
11627,2977
11627,307
11627,2932
11627,10
11627,3361
11627,3607
11631,3943
11631,262
11631,381
11631,3946
11643,5
11653,3948
11653,849
11653,3950
11653,3951
11653,3952
11669,5
11677,7
11678,7
11682,3956
11682,256
11708,7
11711,7
11712,7
11715,7
11717,7
11724,19
11731,19
11748,3965
11748,417
11752,7
11758,7
11761,7
11762,19
11766,7
11776,7
11777,7
11780,7
11782,3094
11783,7
11785,3094
11789,23
11789,1304
11789,3980
11789,838
11789,1306
11789,1308
11789,108
11789,2409
11789,805
11789,3987
11789,1309
11789,237
11789,3059
11789,243
11789,812
11789,1312
11789,1314
11805,7
11815,23
11815,3997
11815,838
11815,1306
11815,4000
11815,3884
11815,4002
11815,4003
11815,4004
11815,1312
11817,7
11822,7
11823,7
11835,7
11849,7
11863,7
11877,7
11885,7
11891,7
11894,7
11898,7
11900,7
11922,7
11939,7
11941,23
11941,4021
11941,4022
11941,7
11941,4024
11942,7
11945,7
11950,7
11953,7
11955,7
11971,7
11975,5
11987,19
12005,7
12009,19
12017,7
12019,7
12028,576
12032,7
12049,7
12056,7
12071,7
12073,7
12079,7
12085,7
12088,7
12097,7
12105,7
12107,7
12108,1304
12108,838
12108,1306
12108,1308
12108,108
12108,1309
12108,2902
12108,812
12108,1312
12108,3063
12108,1314
12113,7
12114,7
12128,7
12130,7
12131,19
12131,7
12133,19
12148,3280
12148,2876
12148,4069
12148,2685
12148,4071
12148,2783
12148,4073
12148,2687
12148,2924
12148,7
12148,2391
12148,2788
12148,2789
12148,911
12148,2889
12148,2890
12148,2932
12148,3361
12148,2919
12149,7
12153,7
12170,7
12186,7
12192,7
12203,19
12230,7
12242,7
12260,7
12270,7
12272,7
12281,4097
12281,4098
12281,1390
12291,7
12300,19
12313,4021
12313,4022
12313,237
12313,307
12313,4024
12321,7
12324,7
12331,7
12337,7
12340,7
12347,19
12348,7
12357,7
12358,7
12367,7
12382,5
12390,7
12400,7
12437,7
12458,7
12460,1304
12460,1308
12460,805
12460,1309
12460,4126
12460,4127
12460,1310
12460,4129
12460,812
12460,1312
12460,1313
12460,1314
12465,19
12466,7
12472,19
12477,7
12483,19
12486,7
12495,7
12496,7
12497,7
12502,7
12533,7
12537,7
12540,7
12545,7
12548,7
12551,4149
12551,2942
12552,7
12559,7
12585,7
12590,7
12596,7
12626,7
12629,7
12665,7
12668,7
12678,7
12680,7
12683,7
12687,5
12715,7
12721,7
12731,7
12732,7
12757,1283
12757,307
12759,7
12768,108
12768,2409
12768,1696
12768,883
12768,2902
12768,812
12768,4
12768,3063
12769,1304
12769,838
12769,1306
12769,2641
12769,108
12769,4184
12769,791
12769,812
12769,1312
12769,3063
12775,7
12781,4190
12781,1492
12781,142
12782,7
12801,7
12811,7
12826,7
12847,23
12847,3873
12847,1680
12847,4200
12847,4201
12847,4202
12847,812
12847,218
12850,417
12850,838
12850,1306
12850,2902
12850,812
12850,1312
12850,124
12852,4212
12852,3262
12852,1206
12852,3269
12852,4216
12852,2865
12852,1390
12857,4219
12857,4220
12857,4221
12857,4222
12857,4223
12857,4224
12857,4225
12857,4226
12857,4227
12857,4228
12857,4229
12867,7
12869,7
12876,617
12876,3471
12876,4234
12876,4235
12876,4236
12877,838
12877,1306
12877,108
12877,2066
12877,3263
12877,3266
12877,1206
12877,4244
12877,812
12877,4
12877,3063
12877,124
12881,1304
12881,838
12881,1203
12881,4252
12881,4253
12881,4254
12881,1206
12881,2399
12881,812
12890,7
12909,7
12912,7
12913,7
12915,7
12927,625
12927,324
12927,4265
12951,7
12971,7
12972,7
12976,7
12983,4270
12983,838
12983,1306
12983,3563
12983,4274
12983,4275
12983,812
12983,2622
12983,350
12983,3142
12984,1304
12984,4281
12984,262
12984,3326
12984,2902
12985,1178
12985,668
12985,838
12985,3399
12985,4289
12985,4290
12985,4291
12985,3738
12985,4293
12985,4294
12985,812
12985,4296
12985,4297
12985,1704
12985,1684
12986,838
12986,1306
12986,4302
12986,108
12986,1523
12986,1696
12986,883
12986,301
12986,812
12986,4
12986,3063
12988,838
12988,4281
12988,3324
12988,262
12988,2902
12988,812
12990,7
12991,4318
12991,4319
12992,7
12993,4321
12993,4322
13001,23
13001,3873
13001,4325
13001,4326
13001,4327
13001,3885
13001,4003
13001,920
13001,812
13013,7
13016,838
13016,4334
13016,4335
13016,3134
13016,2
13016,812
13016,4
13016,3140
13016,1470
13016,350
13024,2687
13024,911
13025,3041
13025,108
13025,2066
13025,4234
13026,23
13026,3873
13026,838
13026,1306
13026,4353
13026,4000
13026,3885
13026,4356
13026,812
13026,1312
13027,838
13027,1306
13027,108
13027,2066
13027,2396
13027,3134
13027,2
13027,812
13027,1312
13027,1470
13027,350
13027,4370
13029,4371
13029,3133
13029,347
13029,162
13029,3393
13029,350
13030,4377
13030,4378
13030,4379
13030,3738
13030,4381
13030,4382
13030,4383
13030,4384
13030,1704
13031,114
13031,838
13031,108
13031,1696
13031,4390
13031,883
13031,301
13031,812
13031,4
13031,3063
13040,4396
13040,4397
13040,4398
13040,7
13040,3346
13046,4401
13046,3471
13046,838
13046,4235
13046,4405
13046,791
13046,812
13047,3262
13047,1206
13047,4410
13047,4411
13047,1067
13047,4413
13047,4414
13049,114
13049,1523
13049,4417
13049,4418
13049,883
13049,2632
13049,4421
13049,1312
13050,1304
13050,838
13050,1306
13050,4426
13050,108
13050,1309
13050,2902
13050,812
13050,1312
13050,1313
13050,3063
13050,1314
13052,4435
13053,4436
13053,4437
13053,4438
13053,2865
13053,1390
13054,4441
13055,4442
13055,4443
13056,4441
13057,4441
13063,4446
13063,4447
13063,844
13063,7
13064,1309
13064,4451
13064,576
13064,4453
13064,4454
13064,4455
13072,3561
13072,2782
13072,2809
13072,3427
13072,3169
13072,4461
13072,2924
13072,7
13072,2391
13072,2886
13072,2788
13072,2789
13072,4468
13072,791
13072,911
13072,2889
13072,512
13072,2890
13072,2932
13072,10
13072,3666
13072,3393
13072,2919
13073,23
13073,3873
13073,838
13073,4482
13073,4326
13073,3884
13073,3885
13073,812
13074,4487
13074,4488
13074,4489
13075,4487
13075,4488
13075,4489
13076,4487
13076,4488
13076,4489
13077,4487
13077,4488
13077,4489
13078,2876
13078,2685
13078,2809
13078,2783
13078,2884
13078,3185
13078,7
13078,2391
13078,4507
13078,2788
13078,911
13078,2890
13078,10
13080,617
13080,3471
13080,4234
13080,4235
13082,838
13082,1306
13082,4518
13082,4519
13082,4520
13082,812
13082,1312
13082,2865
13082,1390
13082,3063
13083,838
13083,4527
13083,4528
13083,3774
13083,812
13084,1206
13084,4532
13084,4533
13084,4534
13084,4410
13084,2865
13084,4321
13085,4538
13085,1304
13085,838
13085,1306
13085,1307
13085,1308
13085,805
13085,4545
13085,1309
13085,237
13085,2902
13085,812
13085,4
13085,1312
13085,307
13085,820
13085,2379
13085,1314
13086,1178
13086,838
13086,4379
13086,3738
13086,4560
13086,791
13086,812
13086,1684
13089,291
13089,838
13089,1306
13089,4567
13089,643
13089,633
13089,4
13089,1312
13090,4572
13090,4573
13090,4574
13090,347
13090,4576
13090,812
13090,4
13090,4579
13090,4580
13090,3732
13090,350
13092,838
13092,3883
13092,3520
13092,312
13092,166
13092,4588
13092,4589
13092,2054
13092,812
13092,2658
13092,2056
13092,4594
13092,3423
13092,3342
13097,2709
13097,375
13097,3041
13097,4600
13097,4601
13100,505
13100,3314
13100,838
13100,1306
13100,4606
13100,336
13100,4608
13100,256
13100,812
13100,4
13104,7
13104,10
13112,1178
13112,1304
13112,417
13112,838
13112,1306
13112,4619
13112,4620
13112,1308
13112,108
13112,805
13112,4437
13112,4625
13112,1309
13112,3262
13112,4628
13112,4629
13112,4630
13112,812
13112,1312
13112,1390
13112,3063
13112,1314
13112,2105
13131,7
13136,4638
13136,4639
13136,4640
13136,111
13150,4642
13150,4643
13150,4644
13150,4645
13150,4646
13152,4647
13152,4648
13152,4649
13152,4650
13157,4651
13157,1390
13157,4653
13157,4654
13158,2452
13158,4656
13158,4657
13158,4658
13162,4659
13162,4660
13162,4661
13162,4662
13162,4663
13162,4664
13162,4665
13162,4666
13162,4667
13162,4668
13162,4669
13162,4670
13162,4671
13162,4672
13162,4673
13164,4674
13164,4675
13164,4676
13164,4677
13164,4678
13164,4679
13164,4680
13164,4681
13164,4682
13164,4683
13164,4684
13164,4685
13165,4686
13165,4687
13165,4688
13165,4689
13165,4690
13165,1181
13165,4692
13165,3244
13165,4694
13165,4695
13165,1726
13165,4697
13166,7
13167,4686
13167,4700
13167,4687
13167,4688
13167,4703
13167,4690
13167,4705
13167,1181
13167,4707
13167,3244
13167,4709
13167,4710
13167,4670
13167,4712
13169,4713
13169,4714
13169,4715
13169,4716
13170,4717
13170,99
13170,4719
13170,4720
13171,4721
13171,1181
13171,4714
13171,4715
13176,838
13176,1306
13176,4727
13176,812
13176,1312
13176,4730
13176,4413
13177,838
13177,108
13177,1696
13177,4418
13177,883
13177,301
13177,812
13177,3063
13178,4740
13178,838
13178,1306
13178,4625
13178,4628
13178,4630
13178,812
13178,1312
13179,417
13179,1044
13188,2020
13188,4686
13188,2021
13188,4753
13188,4687
13188,4688
13188,4756
13188,2025
13188,573
13188,4759
13188,4760
13188,4761
13188,4762
13188,4763
13188,4764
13188,1761
13188,4766
13188,4767
13188,4768
13188,4690
13188,1181
13188,4692
13188,4772
13188,3244
13191,4774
13191,4775
13191,4776
13191,2396
13191,4778
13191,2
13191,812
13191,4
13191,3140
13191,110
13191,350
13191,4785
13192,1688
13192,4787
13192,4379
13192,3738
13192,4790
13192,4297
13192,1704
13192,1684
13193,291
13193,643
13193,4527
13193,4797
13205,19
13208,2315
13208,312
13208,2318
13208,2687
13208,2054
13208,504
13208,3421
13209,4806
13209,312
13209,4808
13209,4809
13209,4810
13209,4811
13209,4812
13209,4813
13209,4814
13209,504
13209,812
13209,4817
13209,350
13211,838
13211,1306
13211,3987
13211,3324
13211,262
13211,3326
13211,2902
13211,812
13211,1312
13214,417
13214,4219
13214,4221
13214,4227
13214,4832
13218,7
13228,7
13243,7
13244,7
13252,4703
13252,4690
13252,1181
13252,4692
13252,3244
13252,4842
13252,4843
13252,4844
13252,4845
13252,4846
13252,4847
13252,4848
13253,19
13289,3094
13296,19
13298,417
13298,4853
13298,4854
13298,4855
13298,4856
13298,3324
13298,3714
13298,262
13298,4860
13298,4861
13298,4862
13298,4863
13300,805
13300,4865
13300,86
13308,4867
13318,4868
13318,4869
13318,4870
13318,4871
13318,4872
13318,4873
13318,4874
13318,4703
13318,4689
13318,4877
13318,1181
13318,4692
13318,4880
13318,4881
13318,4844
13318,4883
13318,4884
13325,7
13330,7
13340,7
13362,7
13366,7
13372,301
13372,4891
13372,812
13372,4893
13372,4894
13387,7
13415,7
13428,7
13431,4898
13431,4899
13431,1450
13431,3167
13431,3168
13431,3266
13431,4904
13431,2860
13431,4906
13431,4907
13431,4908
13431,4909
13431,4910
13431,2868
13445,7
13453,19
13463,7
13468,4915
13468,4916
13468,3133
13468,4918
13468,162
13468,4579
13468,4580
13468,3732
13469,4923
13469,505
13469,1306
13469,507
13469,2540
13469,1989
13469,812
13469,1312
13471,838
13471,4379
13471,3737
13471,4291
13471,3738
13471,812
13471,4790
13473,838
13473,108
13473,1523
13473,1696
13473,883
13473,812
13473,3063
13474,2315
13474,4946
13474,312
13474,2318
13474,2687
13474,4950
13474,4809
13474,4810
13474,4811
13474,4812
13474,2054
13474,2055
13474,504
13474,2447
13474,3421
13474,2056
13474,3759
13474,4962
13479,7
13480,7
13483,7
13486,7
13491,7
13497,7
13507,643
13507,4970
13507,4891
13507,812
13507,4893
13507,4894
13508,7
13516,4976
13516,4977
13516,111
13520,7
13523,7
13526,19
13534,4982
13534,4983
13534,2486
13542,7
13544,7
13547,7
13581,291
13581,4989
13581,3193
13581,4797
13581,4992
13581,4993
13582,4994
13582,4995
13582,4996
13582,838
13582,3531
13582,2
13582,812
13582,3140
13584,7
13585,7
13603,7
13607,7
13617,7
13619,5007
13619,4687
13619,4688
13619,4690
13619,1181
13619,4692
13619,3244
13619,5014
13619,5015
13619,5016
13619,5017
13619,5018
13619,5019
13626,7
13643,7
13645,7
13646,7
13649,7
13651,7
13652,7
13653,7
13661,7
13676,1492
13676,1528
13676,4891
13676,812
13676,4893
13676,4894
13681,7
13685,7
13701,3531
13701,5038
13701,4629
13701,2105
13713,7
13725,1175
13725,5043
13725,617
13725,5045
13726,880
13726,883
13726,301
13727,7
13728,1308
13728,5051
13728,237
13728,5053
13728,1451
13728,5055
13731,5056
13731,5057
13739,7
13774,7
13802,19
13846,7
13877,7
13891,7
13942,3561
13942,2782
13942,2809
13942,2783
13942,2687
13942,2910
13942,2924
13942,2884
13942,2391
13942,2886
13942,2789
13942,791
13942,911
13942,2932
13942,10
13942,5079
13942,2919
13970,7
13975,7
13981,7
13997,1178
13997,5085
13997,5038
13997,2485
13997,5088
13997,5089
13997,2483
13997,5091
13997,5092
13997,5093
13997,301
13997,5095
13997,5096
13997,5097
13997,5098
13997,5099
13997,2105
13997,5101
13997,5102
13999,5103
13999,5104
14014,7
14017,7
14020,7
14043,4441
14045,7
14047,4441
14048,5111
14048,5112
14048,5113
14048,4441
14048,679
14049,4441
14050,4441
14050,2237
14050,5119
14050,5120
14050,5121
14050,5122
14050,5123
14050,381
14051,4441
14052,4441
14053,4441
14054,4441
14055,4441
14056,4441
14057,4441
14058,4441
14059,4441
14060,4441
14061,4441
14062,4441
14088,7
14089,4441
14090,4441
14091,5140
14091,5141
14091,5142
14091,5143
14091,4441
14091,5145
14091,5146
14091,5147
14092,4441
14093,4441
14094,4441
14095,4441
14096,4441
14097,4441
14098,4441
14099,4441
14100,4441
14102,4441
14103,4441
14105,4441
14106,5160
14106,4441
14106,7
14107,4441
14108,4441
14113,7
14114,7
14118,7
14119,4441
14120,4441
14122,4441
14123,4441
14124,5172
14124,1528
14124,4441
14124,5175
14124,5176
14125,4441
14126,5178
14126,5179
14126,4441
14126,262
14126,5182
14126,5183
14127,4441
14128,4441
14129,4441
14130,4441
14132,4441
14133,4441
14134,4441
14135,4441
14142,4441
14144,1
14144,5194
14144,678
14144,697
14147,2066
14147,4
14153,7
14158,4441
14158,2237
14163,7
14165,7
14171,5204
14171,5205
14173,4441
14178,5207
14178,4441
14178,5209
14185,19
14192,19
14194,7
14199,4441
14201,4441
14206,4441
14206,19
14208,3094
14211,4441
14212,7
14215,5220
14215,5221
14215,5222
14215,5205
14215,2705
14224,19
14229,7
14234,4441
14239,19
14241,4441
14243,4441
14244,5231
14244,5232
14244,3723
14244,5234
14244,838
14244,2315
14244,3132
14244,4946
14244,3749
14244,312
14244,2318
14244,336
14244,166
14244,5244
14244,4378
14244,3134
14244,2
14244,3324
14244,262
14244,347
14244,256
14244,2054
14244,5253
14244,504
14244,162
14244,4
14244,3140
14244,4579
14244,3732
14244,1470
14244,3342
14244,350
14244,4297
14244,1704
14245,4441
14251,5266
14251,5267
14251,2021
14251,4688
14251,4703
14251,4764
14251,1761
14251,1579
14251,4690
14251,5275
14251,3244
14251,5277
14257,3520
14257,2054
14257,3421
14271,7
14288,1206
14288,5283
14288,3269
14289,1304
14289,1308
14289,108
14289,805
14289,1309
14289,1310
14289,5291
14289,812
14289,1312
14289,3063
14289,1314
14303,5
14304,5
14308,5
14309,7
14311,7
14317,1841
14317,108
14317,5303
14317,4625
14317,4628
14317,2902
14317,812
14325,2032
14335,5309
14337,7
14339,1304
14339,838
14339,1306
14339,5314
14339,3987
14339,1310
14339,2902
14339,812
14339,1312
14339,307
14339,2379
14346,7
14347,7
14378,1293
14378,5325
14378,5326
14378,5327
14378,3346
14378,3347
14379,5330
14379,5331
14379,5332
14380,805
14380,5334
14380,5335
14380,5336
14380,5337
14380,5338
14380,5339
14380,307
14383,5341
14383,1523
14383,5343
14385,7
14386,1304
14386,5346
14386,1306
14386,1307
14386,1308
14386,108
14386,805
14386,1309
14386,1312
14386,307
14386,3063
14386,1314
14388,7
14394,23
14394,5359
14394,812
14394,1292
14394,1293
14401,7
14404,7
14410,7
14416,23
14416,5367
14416,5368
14416,5369
14416,5370
14427,7
14434,7
14436,7
14440,617
14443,7
14447,7
14448,5377
14448,5378
14448,5379
14448,5380
14448,2924
14448,2884
14448,5383
14448,5384
14448,7
14448,5386
14448,10
14448,5388
14448,5389
14448,5390
14448,5391
14448,5392
14448,5393
14448,5394
14448,3361
14448,5396
14448,5397
14449,505
14449,838
14449,2396
14449,507
14449,2538
14449,256
14449,2400
14449,812
14449,1312
14452,7
14474,7
14475,1103
14475,5410
14475,5411
14476,7
14477,5
14478,5
14480,5
14482,5416
14482,5417
14482,2782
14482,3426
14482,5420
14482,7
14482,5422
14482,911
14482,10
14482,2934
14483,1304
14483,838
14483,1306
14483,1308
14483,805
14483,1309
14483,237
14483,2902
14483,812
14483,4
14483,1313
14483,1314
14485,1304
14485,838
14485,1306
14485,1308
14485,805
14485,5443
14485,1309
14485,1579
14485,237
14485,3060
14485,812
14485,1312
14485,1313
14485,1314
14489,7
14492,7
14498,4
14498,5455
14498,5456
14498,5457
14506,5458
14506,3054
14506,5460
14506,1206
14506,5283
14506,812
14506,1312
14506,3269
14506,2865
14506,5467
14507,23
14507,5370
14508,7
14510,4686
14510,5007
14510,4687
14510,4688
14510,5475
14510,5476
14510,5477
14510,5478
14510,5479
14510,4690
14510,1181
14572,7
14588,19
14596,7
14604,5485
14604,5486
14604,5487
14612,7
14653,7
14669,7
14675,2685
14675,5492
14675,3586
14675,3169
14675,5495
14675,2391
14675,2886
14675,2789
14675,10
14675,2919
14686,2687
14686,7
14686,4468
14686,10
14686,3393
14723,5
14729,7
14741,7
14765,5509
14765,4642
14765,1043
14765,381
14786,4441
14791,7
14793,4441
14805,7
14806,7
14810,7
14814,7
14819,7
14820,23
14820,7
14820,4
14820,1293
14832,7
14833,7
14843,4441
14844,4441
14846,4441
14847,4441
14848,4441
14849,4441
14850,4441
14851,4441
14852,4441
14853,4441
14854,2382
14854,224
14854,5539
14854,850
14855,4441
14856,5542
14856,5543
14856,5544
14856,5545
14856,5546
14856,4441
14856,5548
14856,5549
14856,5550
14856,4254
14857,4441
14858,4441
14859,4441
14861,4441
14862,4441
14862,5557
14862,5558
14862,5559
14862,5560
14863,4441
14864,4441
14865,4441
14867,4441
14869,5565
14869,5566
14869,5567
14869,4441
14869,5569
14869,5339
14869,5571
14870,4441
14871,4441
14873,4441
14874,4441
14876,4441
14877,4441
14877,7
14878,4441
14879,4441
14879,7
14880,4441
14881,4441
14881,7
14882,4441
14909,4441
14910,7
14925,5588
14925,5589
14925,3266
14925,5591
14925,5592
14925,2866
14932,7
14949,4441
14951,7
14971,7
14973,1304
14973,5599
14973,805
14973,5601
14973,1309
14973,237
14973,5604
14973,3262
14973,5606
14973,3269
14973,1390
14973,5609
14975,5610
14975,5611
14975,2866
14975,5613
14977,7
14982,23
14982,5616
14982,368
14982,5618
14982,5619
14987,5588
14987,5589
14987,5622
14987,2866
14992,5588
14992,3632
14992,5589
14992,1390
14992,5467
14992,3813
14992,2866
14993,5588
14993,5589
14993,5633
14993,23
14993,5057
14993,716
15007,7
15035,5638
15035,7
15035,576
15035,5641
15039,7
15086,5643
15086,4686
15086,5645
15086,4763
15086,5647
15086,4690
15086,1181
15086,3244
15086,5014
15086,5652
15086,5653
15086,5654
15097,4441
15098,5656
15098,717
15098,5658
15098,812
15099,19
15101,5658
15101,3236
15101,304
15107,2878
15107,2782
15107,2809
15107,5667
15107,7
15107,5669
15107,2889
15107,10
15107,5672
15108,7
15116,5674
15116,1523
15116,2658
15116,3236
15120,7
15123,7
15126,7
15130,7
15133,7
15134,4441
15136,2032
