id,name,created_at
3,ipod,2025-03-17 02:36:04.640617
8,Applying Thermal Paste,2025-03-17 02:54:51.004649
9,soldered connection,2025-03-17 02:55:27.941128
335,acer aspire 5100,2025-03-17 06:11:19.613582
366,front glass,2025-03-17 06:24:21.036058
33,logitech,2025-03-17 04:10:46.691287
17,mac mini a1176 cpu replacement,2025-03-17 03:39:07.763635
171,Nokia 3100b Battery,2025-03-17 05:31:09.587596
24,nintendo ds,2025-03-17 03:51:28.969733
382,formatting_example,2025-03-17 06:34:07.745424
648,Duratec spark plug,2025-03-17 08:41:50.375036
252,ZD7000,2025-03-17 05:57:34.914091
337,dvd drive removal,2025-03-17 06:11:19.613582
28,Sony playstation 2,2025-03-17 03:59:57.078289
359,1400x1050,2025-03-17 06:21:44.416932
114,board,2025-03-17 05:12:27.087677
34,webcam,2025-03-17 04:10:46.691287
86,screen replacement,2025-03-17 04:50:23.21955
41,Dual Band Wireless-N,2025-03-17 04:28:02.171913
42,netgear,2025-03-17 04:28:02.171913
43,router gigabit,2025-03-17 04:28:02.171913
44,Simultaneous dual-band,2025-03-17 04:28:02.171913
45,WNDR3700,2025-03-17 04:28:02.171913
97,Motorola W385 cell phone,2025-03-17 04:55:40.428097
47,Broken faceplate,2025-03-17 04:30:01.31634
98,W385,2025-03-17 04:55:40.428097
100,squier stratocaster,2025-03-17 04:57:10.264897
215,psu,2025-03-17 05:49:17.631826
341,T42,2025-03-17 06:12:34.666863
263,Sony VAIO PCG,2025-03-17 05:59:01.367665
106,discharging a capacitor,2025-03-17 05:06:12.175703
330,nokia,2025-03-17 06:05:46.743276
109,external,2025-03-17 05:08:42.735435
4659,Cab Roof LED,2025-03-18 00:11:22.639718
334,acer aspire,2025-03-17 06:11:19.613582
265,Alexi-200,2025-03-17 06:01:34.176376
115,desperate,2025-03-17 05:12:27.087677
116,final,2025-03-17 05:12:27.087677
117,gpu,2025-03-17 05:12:27.087677
119,oven,2025-03-17 05:12:27.087677
120,pcb,2025-03-17 05:12:27.087677
69,LG VX5200,2025-03-17 04:44:48.108239
121,reflow,2025-03-17 05:12:27.087677
122,solder,2025-03-17 05:12:27.087677
266,Alexi-600,2025-03-17 06:01:34.176376
125,video card,2025-03-17 05:12:27.087677
267,ALX,2025-03-17 06:01:34.176376
189,LG VX5400,2025-03-17 05:37:53.300065
190,Verizon,2025-03-17 05:37:53.300065
129,1150,2025-03-17 05:16:39.437201
268,EMG,2025-03-17 06:01:34.176376
269,ESP Ltd,2025-03-17 06:01:34.176376
270,F-ALX,2025-03-17 06:01:34.176376
108,disassemble,2025-03-17 05:08:42.735435
272,Humbucker,2025-03-17 06:01:34.176376
273,Pickup,2025-03-17 06:01:34.176376
360,HV121P01,2025-03-17 06:21:44.416932
199,antenna replacement,2025-03-17 05:43:47.681479
364,Mothers Day Repair Guide,2025-03-17 06:23:24.659052
276,Candybar,2025-03-17 06:03:48.530756
202,V60i,2025-03-17 05:43:47.681479
277,Nokia 6300,2025-03-17 06:03:48.530756
361,LCD upgrade,2025-03-17 06:21:44.416932
164,TiVo,2025-03-17 05:30:03.258505
102,Dell Latitude D620,2025-03-17 04:58:49.151996
279,ibm t41,2025-03-17 06:04:18.364043
362,"PowerBook 12"" G4",2025-03-17 06:21:44.416932
284,trackpad,2025-03-17 06:04:21.599478
213,output,2025-03-17 05:49:17.631826
369,Honda Odyssey,2025-03-17 06:25:21.566588
545,capacitor,2025-03-17 07:50:45.565488
4660,Cab Roof Lighting,2025-03-18 00:11:22.639718
288,expansion slot,2025-03-17 06:04:29.315667
4661,Car LED,2025-03-18 00:11:22.639718
217,test for bad power supply,2025-03-17 05:49:17.631826
4662,dodge,2025-03-18 00:11:22.639718
417,camera,2025-03-17 07:08:55.045589
304,speakers,2025-03-17 06:04:59.163982
237,LCD,2025-03-17 05:54:23.516233
538,toycontest,2025-03-17 07:42:44.001158
228,Dell Latitude E6400 ouimetnick,2025-03-17 05:50:21.082078
29,MP3,2025-03-17 04:00:30.229426
238,sensor,2025-03-17 05:54:23.516233
324,cleaning,2025-03-17 06:05:36.038734
312,cpu,2025-03-17 06:05:15.658324
323,Apple Mighty Mouse,2025-03-17 06:05:36.038734
5,repairability,2025-03-17 02:39:20.254699
296,wireless network card,2025-03-17 06:04:38.784851
291,bios,2025-03-17 06:04:34.539079
244,nikon coolpix 3500,2025-03-17 05:55:31.200898
326,scrollball,2025-03-17 06:05:36.038734
327,3300B,2025-03-17 06:05:46.743276
349,ram slot,2025-03-17 06:18:03.602029
389,Game Boy,2025-03-17 06:41:58.347508
307,screen,2025-03-17 06:05:03.104819
352,ballpen,2025-03-17 06:18:49.546439
353,bamboo fun,2025-03-17 06:18:49.546439
354,graphic tablet,2025-03-17 06:18:49.546439
355,pen,2025-03-17 06:18:49.546439
356,pencil,2025-03-17 06:18:49.546439
357,wacom pencil,2025-03-17 06:18:49.546439
370,Odyssey,2025-03-17 06:25:21.566588
371,Rear Window,2025-03-17 06:25:21.566588
372,Rear window actuator,2025-03-17 06:25:21.566588
649,death,2025-03-17 08:43:52.055474
223,A1302,2025-03-17 05:49:54.562682
225,Apple Time Capsule,2025-03-17 05:49:54.562682
541,toy,2025-03-17 07:44:41.304659
379,E62,2025-03-17 06:32:13.540822
142,Removal,2025-03-17 05:22:00.687415
388,batteries,2025-03-17 06:41:58.347508
23,battery,2025-03-17 03:51:28.969733
368,Honda,2025-03-17 06:25:21.566588
281,thinkpad,2025-03-17 06:04:18.364043
421,Rear Casing,2025-03-17 07:08:55.045589
131,dell,2025-03-17 05:16:39.437201
132,inspiron,2025-03-17 05:16:39.437201
340,ibm,2025-03-17 06:12:34.666863
118,heat,2025-03-17 05:12:27.087677
10,software fix,2025-03-17 02:55:49.279093
333,acer,2025-03-17 06:11:19.613582
298,modem,2025-03-17 06:04:43.050565
123,vga,2025-03-17 05:12:27.087677
211,2210,2025-03-17 05:49:17.631826
212,iMac,2025-03-17 05:49:17.631826
216,test,2025-03-17 05:49:17.631826
1,Hard Drive,2025-03-17 02:36:04.640617
259,Inspirion,2025-03-17 05:58:15.090779
233,top cover,2025-03-17 05:50:48.303444
96,Motorola,2025-03-17 04:55:40.428097
336,dvd drive,2025-03-17 06:11:19.613582
166,fan,2025-03-17 05:30:52.172095
2,hdd,2025-03-17 02:36:04.640617
375,case,2025-03-17 06:30:10.321098
218,voltage,2025-03-17 05:49:17.631826
325,mouse,2025-03-17 06:05:36.038734
158,wifi card,2025-03-17 05:27:28.099674
124,video,2025-03-17 05:12:27.087677
243,lcd screen,2025-03-17 05:55:31.200898
4663,ford,2025-03-18 00:11:22.639718
650,GLOD,2025-03-17 08:43:52.055474
652,light,2025-03-17 08:43:52.055474
775,Minolta X-370,2025-03-17 09:26:17.198309
4664,Ford Lighting,2025-03-18 00:11:22.639718
656,5.1,2025-03-17 08:44:17.830214
657,audio + usb board,2025-03-17 08:44:17.830214
658,FireWave,2025-03-17 08:44:17.830214
659,firewire 400,2025-03-17 08:44:17.830214
660,Surround Sound,2025-03-17 08:44:17.830214
418,Fx01,2025-03-17 07:08:55.045589
419,Lumix,2025-03-17 07:08:55.045589
420,Panasonic,2025-03-17 07:08:55.045589
651,green,2025-03-17 08:43:52.055474
447,rear brake pads,2025-03-17 07:17:26.445541
448,removing tires,2025-03-17 07:17:26.445541
481,GX260,2025-03-17 07:29:06.877953
483,OptiPlex,2025-03-17 07:29:06.877953
4665,gmc,2025-03-18 00:11:22.639718
453,CD ROM Drive,2025-03-17 07:19:55.15934
454,disc drive,2025-03-17 07:19:55.15934
456,HP dv5000,2025-03-17 07:19:55.15934
460,keyboard replacement,2025-03-17 07:20:11.413686
552,Keurig,2025-03-17 07:54:01.260771
555,Water Pump,2025-03-17 07:54:01.260771
557,Wooden Toy,2025-03-17 07:54:04.629766
558,plastic toys,2025-03-17 07:54:08.847732
664,troltech,2025-03-17 08:45:08.966971
776,X-370,2025-03-17 09:26:17.198309
568,liberation,2025-03-17 08:01:48.40516
571,Cortex A8,2025-03-17 08:05:13.308958
572,e-Ink,2025-03-17 08:05:13.308958
574,ePaper,2025-03-17 08:05:13.308958
575,eReader,2025-03-17 08:05:13.308958
577,SNES-60,2025-03-17 08:05:13.308958
735,A550,2025-03-17 09:21:17.699454
817,sony,2025-03-17 09:44:07.825289
484,pc,2025-03-17 07:29:06.877953
737,Canon PowerShot A550,2025-03-17 09:21:17.699454
749,2105,2025-03-17 09:22:02.731941
750,2118,2025-03-17 09:22:02.731941
854,motorcycle,2025-03-17 10:05:23.129421
675,Applebook,2025-03-17 08:52:42.632627
676,Applebook 5300,2025-03-17 08:52:42.632627
590,battery install,2025-03-17 08:09:51.109755
681,hp photosmart,2025-03-17 08:53:35.986892
760,seal,2025-03-17 09:24:41.866103
683,paper jam,2025-03-17 08:53:35.986892
684,repairs,2025-03-17 08:53:35.986892
685,simple fix,2025-03-17 08:53:35.986892
661,cell phone,2025-03-17 08:45:08.966971
799,galaxy s 2,2025-03-17 09:28:33.087688
573,E60,2025-03-17 08:05:13.308958
759,flush,2025-03-17 09:24:41.866103
692,battery replacment,2025-03-17 08:58:52.107752
693,battery reset,2025-03-17 08:58:52.107752
761,tank,2025-03-17 09:24:41.866103
695,clean keyboard,2025-03-17 08:58:55.198096
604,Edge,2025-03-17 08:23:28.945196
605,Handspring,2025-03-17 08:23:28.945196
607,Visor,2025-03-17 08:23:28.945196
696,replace keyboard,2025-03-17 08:58:55.198096
762,toilet,2025-03-17 09:24:41.866103
763,valve,2025-03-17 09:24:41.866103
553,Select,2025-03-17 07:54:01.260771
824,Duratec oil change,2025-03-17 09:44:35.764473
826,battery charge,2025-03-17 09:48:38.839958
827,car,2025-03-17 09:48:38.839958
828,jumper,2025-03-17 09:48:38.839958
805,display,2025-03-17 09:28:42.501623
839,oil,2025-03-17 09:58:59.123887
844,nerf,2025-03-17 10:03:17.55262
631,retractable lens,2025-03-17 08:33:19.234113
616,A80,2025-03-17 08:29:55.380558
736,canon,2025-03-17 09:21:17.699454
808,lcd backlight,2025-03-17 09:28:42.501623
781,film,2025-03-17 09:26:24.421561
644,Dreamcast,2025-03-17 08:37:48.516224
715,battery life,2025-03-17 09:12:54.028625
831,Droid Eris,2025-03-17 09:56:36.514705
505,cd,2025-03-17 07:29:37.729397
718,In-Depth,2025-03-17 09:12:54.028625
719,No Tools Needed,2025-03-17 09:12:54.028625
720,nokia e61i no power,2025-03-17 09:12:54.028625
721,Straight-forward,2025-03-17 09:12:54.028625
783,Winding lever,2025-03-17 09:26:24.421561
832,Droid Eris Digitizer,2025-03-17 09:56:36.514705
785,liquid damage,2025-03-17 09:26:28.341468
787,holder,2025-03-17 09:26:35.921014
728,HTC Touch Pro CDMA,2025-03-17 09:19:02.494103
774,minolta,2025-03-17 09:26:17.198309
731,F301,2025-03-17 09:20:05.908368
732,N2000,2025-03-17 09:20:05.908368
809,back light,2025-03-17 09:28:54.228584
804,ccfl,2025-03-17 09:28:42.501623
806,"imac 20""",2025-03-17 09:28:42.501623
617,back cover,2025-03-17 08:29:55.380558
815,100101,2025-03-17 09:44:07.825289
816,player,2025-03-17 09:44:07.825289
818,sony walkman,2025-03-17 09:44:07.825289
819,sony walkman wm-4 casstte player,2025-03-17 09:44:07.825289
821,wm 4,2025-03-17 09:44:07.825289
822,wm-4,2025-03-17 09:44:07.825289
833,Droid Eris Screen,2025-03-17 09:56:36.514705
834,HTC Droid Eris,2025-03-17 09:56:36.514705
843,modding,2025-03-17 10:03:17.55262
837,Camry,2025-03-17 09:58:59.123887
845,recon,2025-03-17 10:03:17.55262
224,apple,2025-03-17 05:49:54.562682
847,cable fault,2025-03-17 10:03:31.008944
848,MacBook,2025-03-17 10:03:31.008944
851,power adapter,2025-03-17 10:03:31.008944
852,short circuit,2025-03-17 10:03:31.008944
853,650,2025-03-17 10:05:23.129421
855,suzuki,2025-03-17 10:05:23.129421
856,sv,2025-03-17 10:05:23.129421
857,sv650,2025-03-17 10:05:23.129421
858,FWD_Inline_4,2025-03-17 10:05:56.294275
668,bluetooth,2025-03-17 08:48:10.114873
716,battery replacement,2025-03-17 09:12:54.028625
802,2133,2025-03-17 09:28:42.501623
791,remove,2025-03-17 09:26:35.921014
214,Power Supply,2025-03-17 05:49:17.631826
643,cmos,2025-03-17 08:37:48.516224
569,liberation kit,2025-03-17 08:01:48.40516
842,mod,2025-03-17 10:03:17.55262
626,flash,2025-03-17 08:33:07.280001
663,phone,2025-03-17 08:45:08.966971
576,samsung,2025-03-17 08:05:13.308958
727,htc,2025-03-17 09:19:02.494103
679,hardware,2025-03-17 08:52:42.632627
733,Nikon,2025-03-17 09:20:05.908368
618,powershot,2025-03-17 08:29:55.380558
850,MagSafe,2025-03-17 10:03:31.008944
625,cannon,2025-03-17 08:33:07.280001
678,hard drive replacement,2025-03-17 08:52:42.632627
655,ps3,2025-03-17 08:43:52.055474
788,lens,2025-03-17 09:26:35.921014
849,MacBook Pro,2025-03-17 10:03:31.008944
697,hard drive upgrade,2025-03-17 08:59:27.454845
504,processor,2025-03-17 07:29:33.913143
512,rom,2025-03-17 07:29:37.729397
820,tape,2025-03-17 09:44:07.825289
633,internal battery,2025-03-17 08:33:26.461679
507,dvd,2025-03-17 07:29:37.729397
859,bulb,2025-03-17 10:08:05.083282
861,new beetle,2025-03-17 10:08:05.083282
1093,910,2025-03-17 11:50:13.780846
1144,clx,2025-03-17 12:06:11.840961
7,no tools,2025-03-17 02:41:46.416653
1018,iMac G5 (first generation) fan,2025-03-17 11:15:23.883883
1104,HP Touch Screen,2025-03-17 11:52:58.811433
1105,HP Touchsmart,2025-03-17 11:52:58.811433
1193,cisco,2025-03-17 12:12:21.632034
875,Step 1,2025-03-17 10:14:13.643967
1025,dust mesh,2025-03-17 11:26:15.484814
881,faulty display,2025-03-17 10:15:35.106617
884,mother board problem,2025-03-17 10:15:35.106617
1027,speaker mesh,2025-03-17 11:26:15.484814
1110,nokia 82,2025-03-17 11:53:15.415764
888,monitor doesn't work,2025-03-17 10:15:45.55426
890,VGA input,2025-03-17 10:15:45.55426
991,1525,2025-03-17 10:54:31.15545
893,no power,2025-03-17 10:15:54.733671
895,Power Supply Board,2025-03-17 10:15:54.733671
1031,Charger board,2025-03-17 11:26:44.055031
879,Acer AL1916,2025-03-17 10:15:35.106617
898,computer monitor,2025-03-17 10:16:07.97806
899,discolored screen,2025-03-17 10:16:07.97806
886,display problems,2025-03-17 10:15:45.55426
902,close,2025-03-17 10:17:44.56537
903,flap,2025-03-17 10:17:44.56537
905,lens broken replace fix,2025-03-17 10:17:44.56537
907,lens repair,2025-03-17 10:17:44.56537
908,lens stuck,2025-03-17 10:17:44.56537
909,lens stuck open,2025-03-17 10:17:44.56537
910,open,2025-03-17 10:17:44.56537
4666,GMC Lighting,2025-03-18 00:11:22.639718
1032,dc board,2025-03-17 11:26:44.055031
1034,dell inspiron 1525 dc jack board,2025-03-17 11:26:44.055031
1035,remove logic board,2025-03-17 11:26:44.055031
1036,remove system motherboard,2025-03-17 11:26:44.055031
916,ds lite,2025-03-17 10:24:49.83267
917,DSL,2025-03-17 10:24:49.83267
918,EM10 filter,2025-03-17 10:24:49.83267
4667,LED Accessories,2025-03-18 00:11:22.639718
1195,ex60,2025-03-17 12:12:21.632034
1038,capacitors,2025-03-17 11:27:31.331861
1040,projection tv,2025-03-17 11:27:31.331861
1041,WS-65511,2025-03-17 11:27:31.331861
1046,Sigma,2025-03-17 11:28:28.737055
930,Hot air Popcorn Popper,2025-03-17 10:29:48.545357
931,Popcorn Maker,2025-03-17 10:29:48.545357
932,Popcorn popper,2025-03-17 10:29:48.545357
933,Presto,2025-03-17 10:29:48.545357
1196,ex90,2025-03-17 12:12:21.632034
1049,Delphi XM2GO,2025-03-17 11:28:42.930653
1116,Motorola California Mobile Phone,2025-03-17 11:55:13.547452
1114,Digital Personal Communicator,2025-03-17 11:55:13.547452
1197,tandberg,2025-03-17 12:12:21.632034
940,w810i,2025-03-17 10:35:05.224298
1159,Acer laptop,2025-03-17 12:07:23.577566
1160,3510,2025-03-17 12:07:43.147739
1124,BP-6MT battery,2025-03-17 11:57:44.680272
1162,FHA-3510,2025-03-17 12:07:43.147739
1163,FHA3510,2025-03-17 12:07:43.147739
1164,HP mouse,2025-03-17 12:07:43.147739
1165,left button,2025-03-17 12:07:43.147739
1065,7850,2025-03-17 11:34:41.648849
1066,Gigabyte,2025-03-17 11:34:41.648849
1167,right button,2025-03-17 12:07:43.147739
1069,core i3,2025-03-17 11:38:55.328909
1070,core i5,2025-03-17 11:38:55.328909
1071,core i7,2025-03-17 11:38:55.328909
1072,CPU upgrade,2025-03-17 11:38:55.328909
968,sony ericsson,2025-03-17 10:46:32.085797
969,Sony Ericsson Xperia Mini Pro SK,2025-03-17 10:46:32.085797
970,Xperia Mini Pro SK,2025-03-17 10:46:32.085797
971,Xperia Mini Pro SK17,2025-03-17 10:46:32.085797
972,Xperia Mini Pro SK17i,2025-03-17 10:46:32.085797
973,Xperia Mini Pro SK17i teardown,2025-03-17 10:46:32.085797
974,Xperia Mini Pro teardown,2025-03-17 10:46:32.085797
1073,imac 27,2025-03-17 11:38:55.328909
1074,intel imac,2025-03-17 11:38:55.328909
1076,MSI Wind,2025-03-17 11:40:26.838334
1077,netbook,2025-03-17 11:40:26.838334
1115,MicroTAC,2025-03-17 11:55:13.547452
981,game boy advance,2025-03-17 10:52:40.698847
982,game boy advance sp,2025-03-17 10:52:40.698847
1203,earphone,2025-03-17 12:13:52.383235
985,2134,2025-03-17 10:53:26.529067
987,2211,2025-03-17 10:53:26.529067
988,Diagnostic LED,2025-03-17 10:53:26.529067
1168,switch,2025-03-17 12:07:43.147739
232,Palm rest,2025-03-17 05:50:48.303444
995,CF Memory,2025-03-17 10:55:34.66986
996,BMW E39,2025-03-17 11:00:26.519895
998,BMW E39 5 Series 1997-2003,2025-03-17 11:00:47.324233
1169,tactile,2025-03-17 12:07:43.147739
1170,WE790AA,2025-03-17 12:07:43.147739
1179,California Mobile Phone,2025-03-17 12:11:38.641282
1005,SCH-A310,2025-03-17 11:04:45.537319
1205,hedphone,2025-03-17 12:13:52.383235
1007,BMW Automobile,2025-03-17 11:06:07.131401
1153,700P,2025-03-17 12:07:19.759245
1156,palm,2025-03-17 12:07:19.759245
1157,Treo,2025-03-17 12:07:19.759245
860,headlight,2025-03-17 10:08:05.083282
1090,blackberry curve 8330 battery,2025-03-17 11:48:17.427209
1198,telepresence,2025-03-17 12:12:21.632034
1143,black lines,2025-03-17 12:06:11.840961
1194,console,2025-03-17 12:12:21.632034
1001,auto repair,2025-03-17 11:04:10.447109
1202,3.5 mm,2025-03-17 12:13:52.383235
1204,HD428,2025-03-17 12:13:52.383235
1207,plug,2025-03-17 12:13:52.383235
1208,Sennheiser,2025-03-17 12:13:52.383235
1209,Sennheiser HD428,2025-03-17 12:13:52.383235
1210,wire,2025-03-17 12:13:52.383235
1211,wire break,2025-03-17 12:13:52.383235
1213,galaxy s3 sii disassembly assembly guide,2025-03-17 12:14:28.56409
1217,roccat,2025-03-17 12:15:22.159466
1218,scroll wheel,2025-03-17 12:15:22.159466
1219,iBeats,2025-03-17 12:15:25.833224
1220,iBeats Self Repair Guide,2025-03-17 12:15:25.833224
1221,Monster iBeats ControlTalk,2025-03-17 12:15:25.833224
1222,Repair iBeats,2025-03-17 12:15:25.833224
1149,vertical lines,2025-03-17 12:06:11.840961
1175,back case,2025-03-17 12:10:07.921331
906,lens cover,2025-03-17 10:17:44.56537
1043,fix,2025-03-17 11:28:28.737055
1039,Mitsubishi,2025-03-17 11:27:31.331861
1075,maintenance,2025-03-17 11:40:26.838334
1206,no sound,2025-03-17 12:13:52.383235
1178,antenna,2025-03-17 12:11:38.641282
862,volkswagen,2025-03-17 10:08:05.083282
882,monitor,2025-03-17 10:15:35.106617
920,not charging,2025-03-17 10:24:49.83267
1161,button,2025-03-17 12:07:43.147739
1026,iphone,2025-03-17 11:26:15.484814
1044,lens assembly,2025-03-17 11:28:28.737055
1103,HP,2025-03-17 11:52:58.811433
381,repair,2025-03-17 06:32:13.540822
1067,vibration,2025-03-17 11:34:41.648849
880,circuit board,2025-03-17 10:15:35.106617
1229,air condition problems,2025-03-17 12:20:07.405875
1230,Air Conditioner,2025-03-17 12:20:07.405875
1231,nissan,2025-03-17 12:20:07.405875
1232,Xterra,2025-03-17 12:20:07.405875
1233,imac lcd,2025-03-17 12:20:13.715522
1234,imac lines on screen,2025-03-17 12:20:13.715522
1235,imac screen,2025-03-17 12:20:13.715522
1237,1080p,2025-03-17 12:23:50.76479
1238,AUO,2025-03-17 12:23:50.76479
1239,Gamut,2025-03-17 12:23:50.76479
1240,L520,2025-03-17 12:23:50.76479
4668,LED bulbs,2025-03-18 00:11:22.639718
1242,T510,2025-03-17 12:23:50.76479
1243,T520,2025-03-17 12:23:50.76479
1244,T530,2025-03-17 12:23:50.76479
1246,W510,2025-03-17 12:23:50.76479
1247,W520,2025-03-17 12:23:50.76479
1248,W530,2025-03-17 12:23:50.76479
1259,Logitech Mouse Anywhere MX,2025-03-17 12:35:37.329547
1262,TS20100F070S,2025-03-17 12:35:37.329547
1266,Patagonia Clothing,2025-03-17 12:36:37.481009
4669,LED Cab Roof Lights,2025-03-18 00:11:22.639718
1269,HP G60-535DX,2025-03-17 12:37:48.344819
1273,1911,2025-03-17 12:41:27.869533
1274,Firearms,2025-03-17 12:41:27.869533
1275,Sidearms,2025-03-17 12:41:27.869533
1278,air filter,2025-03-17 12:42:46.391879
1279,toyota air vacuum connector,2025-03-17 12:42:46.391879
1280,Toyota Sienna,2025-03-17 12:42:46.391879
1511,c stick,2025-03-17 14:01:36.320892
1286,Lenovo G570,2025-03-17 12:45:37.025661
1290,L855,2025-03-17 12:51:50.205708
1291,S5210,2025-03-17 12:51:50.205708
4671,LED Marker Lights,2025-03-18 00:11:22.639718
1294,Toshiba Satellite L855-S5210,2025-03-17 12:51:50.205708
4672,Truck Cab Roof LED,2025-03-18 00:11:22.639718
1390,speaker,2025-03-17 13:20:53.555168
1319,howto,2025-03-17 12:57:22.418602
1321,NV53A24u,2025-03-17 12:57:22.418602
1324,auto tire repair,2025-03-17 12:57:29.149454
1329,computer,2025-03-17 12:59:35.202689
1331,dell inspiron 1521,2025-03-17 12:59:35.202689
1492,back panel,2025-03-17 14:00:59.442373
1350,floor jack,2025-03-17 13:09:16.455774
1365,CPSU-AMIDO-F12S9G13,2025-03-17 13:15:42.124169
1384,apple pro speakers,2025-03-17 13:20:53.555168
1385,class-d,2025-03-17 13:20:53.555168
1386,conversion,2025-03-17 13:20:53.555168
1387,harman kardon,2025-03-17 13:20:53.555168
1389,modification,2025-03-17 13:20:53.555168
1394,HP Mini 210,2025-03-17 13:21:34.622896
1395,HP Mini 210 keyboard,2025-03-17 13:21:34.622896
1512,c-stick,2025-03-17 14:01:36.320892
1534,start,2025-03-17 14:01:44.555426
1536,x,2025-03-17 14:01:44.555426
1537,y,2025-03-17 14:01:44.555426
1582,MP480,2025-03-17 14:06:08.774064
1583,Pixma,2025-03-17 14:06:08.774064
1435,Nokia 620 Classic,2025-03-17 13:36:25.268126
1551,joystick,2025-03-17 14:01:52.907067
1363,Nokia 6200,2025-03-17 13:15:33.712847
1364,Nokia 6200 Classic,2025-03-17 13:15:33.712847
1446,TF300,2025-03-17 13:41:12.300683
1447,TF300t,2025-03-17 13:41:12.300683
1448,Transformer,2025-03-17 13:41:12.300683
1449,garmin,2025-03-17 13:42:24.440495
1452,Nuvi 1300,2025-03-17 13:42:24.440495
1457,ux31a,2025-03-17 13:45:02.315731
1459,DriveStation,2025-03-17 13:46:04.328888
1460,hard drive change,2025-03-17 13:46:04.328888
1461,clamcase,2025-03-17 13:48:42.570905
1462,clamcase ipad,2025-03-17 13:48:42.570905
1463,clamcase ipad 2,2025-03-17 13:48:42.570905
1464,ipad 2 case,2025-03-17 13:48:42.570905
1465,ipad clamcase,2025-03-17 13:48:42.570905
1523,logic board,2025-03-17 14:01:41.200932
1468,f201,2025-03-17 13:49:59.599965
1469,f201e,2025-03-17 13:49:59.599965
1471,x200,2025-03-17 13:49:59.599965
1472,x201,2025-03-17 13:49:59.599965
1260,Micro switch,2025-03-17 12:35:37.329547
1477,R61i,2025-03-17 13:51:41.032228
1450,gps,2025-03-17 13:42:24.440495
1480,camera issues,2025-03-17 13:54:56.59735
1481,dust cleaning,2025-03-17 13:54:56.59735
1482,sensor board,2025-03-17 13:54:56.59735
1484,capacitor blown out,2025-03-17 13:59:15.245905
1485,turn off itself,2025-03-17 13:59:15.245905
1488,lcd broken,2025-03-17 13:59:45.978831
1499,Infinite Reality,2025-03-17 14:01:09.994266
1500,Onyx,2025-03-17 14:01:09.994266
1501,SGI,2025-03-17 14:01:09.994266
1502,silicon graphics,2025-03-17 14:01:09.994266
1558,trigger,2025-03-17 14:01:56.584804
1539,d pad,2025-03-17 14:01:49.226836
1540,d-pad,2025-03-17 14:01:49.226836
1541,directional pad,2025-03-17 14:01:49.226836
1509,z button,2025-03-17 14:01:32.848555
1510,z-button,2025-03-17 14:01:32.848555
1526,a,2025-03-17 14:01:44.555426
1527,B,2025-03-17 14:01:44.555426
1493,controller,2025-03-17 14:00:59.442373
1495,gamecube,2025-03-17 14:00:59.442373
919,nintendo,2025-03-17 10:24:49.83267
1559,triggers,2025-03-17 14:01:56.584804
1498,wii,2025-03-17 14:00:59.442373
1318,guide,2025-03-17 12:57:22.418602
1323,tutorial,2025-03-17 12:57:22.418602
1587,walkthrough,2025-03-17 14:06:08.774064
1600,background image,2025-03-17 14:11:55.571401
1601,custom,2025-03-17 14:11:55.571401
1602,customize,2025-03-17 14:11:55.571401
1603,dashboard,2025-03-17 14:11:55.571401
1605,Mission Control,2025-03-17 14:11:55.571401
1616,confusing text,2025-03-17 14:18:33.548998
1617,inconsistent images,2025-03-17 14:18:33.548998
1618,Introductory,2025-03-17 14:18:33.548998
1620,headphone jack,2025-03-17 14:19:36.203947
1621,Kindle Fire HD,2025-03-17 14:19:36.203947
1623,kindle,2025-03-17 14:20:39.078047
1624,Kindle Paperwhite,2025-03-17 14:20:39.078047
1625,Paperwhite,2025-03-17 14:20:39.078047
1317,gateway,2025-03-17 12:57:22.418602
1264,fasteners,2025-03-17 12:36:37.481009
1584,printer,2025-03-17 14:06:08.774064
1486,tv,2025-03-17 13:59:15.245905
717,easy,2025-03-17 09:12:54.028625
1458,buffalo,2025-03-17 13:46:04.328888
1382,amplifier,2025-03-17 13:20:53.555168
1283,broken screen,2025-03-17 12:45:37.025661
1265,Patagonia,2025-03-17 12:36:37.481009
1292,satellite,2025-03-17 12:51:50.205708
1284,laptop,2025-03-17 12:45:37.025661
1470,ssd,2025-03-17 13:49:59.599965
1475,fan assembly,2025-03-17 13:51:41.032228
1304,broken,2025-03-17 12:55:17.439458
1445,asus,2025-03-17 13:41:12.300683
1306,changing,2025-03-17 12:55:17.439458
1307,cracked,2025-03-17 12:55:17.439458
1308,digitizer,2025-03-17 12:55:17.439458
1579,how to,2025-03-17 14:06:08.774064
1313,smashed,2025-03-17 12:55:17.439458
1638,autofocus,2025-03-17 14:23:29.418791
1479,autofocus not working,2025-03-17 13:54:56.59735
1640,dslr,2025-03-17 14:23:29.418791
1642,nikon d3100,2025-03-17 14:23:29.418791
1645,lenovo G580,2025-03-17 14:25:36.426032
1646,processor change,2025-03-17 14:25:36.426032
1649,nokia lcd,2025-03-17 14:26:03.947978
1650,nokia x3-02,2025-03-17 14:26:03.947978
1651,nokia x3-02 lcd,2025-03-17 14:26:03.947978
1654,ID47H,2025-03-17 14:27:56.854576
1657,how to remove a stripped screw,2025-03-17 14:32:18.756617
1658,how to remove broken screw,2025-03-17 14:32:18.756617
1659,how to remove small stripped screws without a drill,2025-03-17 14:32:18.756617
1660,how to remove stripped screws,2025-03-17 14:32:18.756617
1661,remove stripped screw,2025-03-17 14:32:18.756617
1662,remove stripped screws,2025-03-17 14:32:18.756617
1663,stripped screw,2025-03-17 14:32:18.756617
1664,stripped screw removal,2025-03-17 14:32:18.756617
1665,stripped screws,2025-03-17 14:32:18.756617
1673,ibm thinkpad,2025-03-17 14:36:10.816738
1681,metrans,2025-03-17 14:38:51.910552
1682,nexus 4,2025-03-17 14:38:51.910552
1683,qi,2025-03-17 14:38:51.910552
1687,assembly,2025-03-17 14:39:35.157696
1690,dookharan,2025-03-17 14:39:35.157696
1692,hard disk,2025-03-17 14:39:35.157696
1695,kevin,2025-03-17 14:39:35.157696
1698,motherboad,2025-03-17 14:39:35.157696
1702,v13,2025-03-17 14:39:35.157696
1703,vostro,2025-03-17 14:39:35.157696
111,Teardown,2025-03-17 05:08:42.735435
1716,6555b,2025-03-17 14:45:15.703402
1718,flip,2025-03-17 14:45:15.703402
1719,logic,2025-03-17 14:45:15.703402
1724,120,2025-03-17 14:45:29.643018
1725,Fisio,2025-03-17 14:45:29.643018
1727,h-150,2025-03-17 14:45:36.200196
1728,h150,2025-03-17 14:45:36.200196
1729,hyundai,2025-03-17 14:45:36.200196
1731,graphic card upgrade,2025-03-17 14:51:45.541425
1732,imac 24 inch early 2009,2025-03-17 14:51:45.541425
1753,ZTE,2025-03-17 14:59:03.534309
1762,fly mouse,2025-03-17 15:01:03.114279
1763,mele,2025-03-17 15:01:03.114279
1765,remote control,2025-03-17 15:01:03.114279
2022,BMW E46,2025-03-17 15:34:56.603804
2023,brake,2025-03-17 15:34:56.603804
2024,brakes,2025-03-17 15:34:56.603804
1734,A210,2025-03-17 14:53:22.195393
1787,door interlock,2025-03-17 15:04:58.640861
1788,Metalflex ZV-446,2025-03-17 15:04:58.640861
1789,Fuel Filter,2025-03-17 15:05:14.901209
1790,Grand Prix,2025-03-17 15:05:14.901209
1792,graphic card,2025-03-17 15:05:24.805207
1793,install instructions,2025-03-17 15:05:24.805207
1794,mac,2025-03-17 15:05:24.805207
1797,equipment,2025-03-17 15:05:28.874199
1819,laptop battery,2025-03-17 15:09:47.967837
1293,toshiba,2025-03-17 12:51:50.205708
4673,Truck Lighting,2025-03-18 00:11:22.639718
1823,Toshiba Satellite A505,2025-03-17 15:09:47.967837
1842,camera lens,2025-03-17 15:12:52.419776
1843,replacement parts,2025-03-17 15:12:52.419776
1844,Tablet camera,2025-03-17 15:12:52.419776
1845,Creative,2025-03-17 15:12:59.208065
1847,Ziio,2025-03-17 15:12:59.208065
2026,front,2025-03-17 15:34:56.603804
2029,Rotors,2025-03-17 15:34:56.603804
2038,jitterbug,2025-03-17 15:40:58.999493
1887,lcd tv,2025-03-17 15:25:29.983767
1901,clicking,2025-03-17 15:25:41.435853
1902,EEPROM,2025-03-17 15:25:41.435853
1886,LA40R81BD,2025-03-17 15:25:29.983767
1904,power problem,2025-03-17 15:25:41.435853
1909,remote,2025-03-17 15:27:04.155788
1916,stand,2025-03-17 15:27:31.248653
1918,7911,2025-03-17 15:27:39.355997
1920,cisco 7911 ip phone,2025-03-17 15:27:39.355997
1921,cisco ip phone,2025-03-17 15:27:39.355997
1922,cisco ip phone 7911,2025-03-17 15:27:39.355997
1923,ip phone,2025-03-17 15:27:39.355997
1924,ip phone 9711,2025-03-17 15:27:39.355997
347,memory,2025-03-17 06:18:03.602029
1955,T61p,2025-03-17 15:31:16.266299
2044,98560,2025-03-17 15:47:18.627371
1966,6390p,2025-03-17 15:32:55.807492
2045,akoya,2025-03-17 15:47:18.627371
2046,Aldi,2025-03-17 15:47:18.627371
2047,Black Screen,2025-03-17 15:47:18.627371
1652,Retina Battery Kit,2025-03-17 14:26:08.915376
2049,crashing,2025-03-17 15:47:18.627371
1980,harddrive,2025-03-17 15:33:09.291553
2050,MD,2025-03-17 15:47:18.627371
2051,MD98560,2025-03-17 15:47:18.627371
2052,Medion,2025-03-17 15:47:18.627371
2053,overheat,2025-03-17 15:47:18.627371
4674,Angel Eyes LED,2025-03-18 00:11:31.374167
2008,switch cover,2025-03-17 15:34:02.325758
2021,bmw,2025-03-17 15:34:56.603804
1958,6930p,2025-03-17 15:32:47.379121
1960,Elitebook,2025-03-17 15:32:47.379121
2057,turns off,2025-03-17 15:47:18.627371
2059,Lenovo bluetooth mouse N6901A,2025-03-17 15:56:01.971273
2062,N6901A,2025-03-17 15:56:01.971273
2063,Snyder,2025-03-17 15:56:26.901984
2065,410,2025-03-17 16:02:15.112376
2058,iphone 5,2025-03-17 15:47:54.492604
2075,Air conditioning,2025-03-17 16:08:16.103275
2078,french,2025-03-17 16:09:40.423032
2084,scratch proof lcd,2025-03-17 16:20:28.383233
2085,scratch resistance,2025-03-17 16:20:28.383233
2020,3 Series,2025-03-17 15:34:56.603804
2094,flash don&#039,2025-03-17 16:30:10.113417
2096,reflex,2025-03-17 16:30:10.113417
2098,t flash,2025-03-17 16:30:10.113417
2100,chager,2025-03-17 16:38:04.596511
2101,oem samsung chager,2025-03-17 16:38:04.596511
2102,oem usb chagers,2025-03-17 16:38:04.596511
2103,sams,2025-03-17 16:38:04.596511
2108,kyocera,2025-03-17 16:38:51.089951
2109,kyocera rise,2025-03-17 16:38:51.089951
2111,jabra clipper,2025-03-17 16:39:02.777845
2027,pad,2025-03-17 15:34:56.603804
2054,overheating,2025-03-17 15:47:18.627371
1751,android devices,2025-03-17 14:59:03.534309
1989,optical,2025-03-17 15:33:13.297832
1796,electronics,2025-03-17 15:05:28.874199
1752,smartphone,2025-03-17 14:59:03.534309
2032,macbook air battery replacement cost wiki,2025-03-17 15:37:25.718158
1694,heat sink,2025-03-17 14:39:35.157696
1795,Mac Pro,2025-03-17 15:05:24.805207
1841,camera and flash not working,2025-03-17 15:12:52.419776
1696,main board,2025-03-17 14:39:35.157696
1999,wlan,2025-03-17 15:33:21.71403
1688,card,2025-03-17 14:39:35.157696
2105,usb,2025-03-17 16:38:04.596511
1680,charging,2025-03-17 14:38:51.910552
2066,Disassembly,2025-03-17 16:02:15.112376
1684,wireless,2025-03-17 14:38:51.910552
2055,paste,2025-03-17 15:47:18.627371
162,ram,2025-03-17 05:27:35.729637
2112,jabra clipper disassembly,2025-03-17 16:39:02.777845
2113,jabra sennheiser,2025-03-17 16:39:02.777845
2114,mazda tribute misfire,2025-03-17 16:39:43.384323
2116,broken lens,2025-03-17 16:40:55.319965
2117,HTC One,2025-03-17 16:40:55.319965
2126,"17""",2025-03-17 16:46:20.998136
2127,Beats Audio,2025-03-17 16:46:20.998136
2128,dv7,2025-03-17 16:46:20.998136
2131,notebook,2025-03-17 16:46:20.998136
2132,pavillion,2025-03-17 16:46:20.998136
2134,vaillant vuw int 180/1 XE THERMOTOP combi central heating boiler,2025-03-17 16:46:34.803961
2136,glue,2025-03-17 16:52:54.53598
2137,hard disc drive,2025-03-17 16:52:54.53598
2138,tear down,2025-03-17 16:52:54.53598
2139,thunderbolt,2025-03-17 16:52:54.53598
2153,199,2025-03-17 16:59:38.159725
2154,DMM,2025-03-17 16:59:38.159725
2155,Keithley,2025-03-17 16:59:38.159725
2156,multimeter,2025-03-17 16:59:38.159725
2157,voltmeter,2025-03-17 16:59:38.159725
2162,power  problem,2025-03-17 17:01:16.718072
2174,samsung galaxy,2025-03-17 17:06:40.028542
2197,Textile Repair,2025-03-17 17:16:40.925198
2201,Patagonia-Z-Machine-Sewing,2025-03-17 17:17:00.132191
2408,disasse,2025-03-17 17:53:01.00354
2089,Patagonia-P-Machine-Sewing,2025-03-17 16:22:11.850965
2213,Patagonia-PL-Luggage,2025-03-17 17:18:15.815567
2211,Patagonia-N-No-Sew,2025-03-17 17:18:01.5039
2469,Siemens Gigaset S810 reparieren,2025-03-17 18:01:21.73015
2414,s5233,2025-03-17 17:53:01.00354
2409,disassembling,2025-03-17 17:53:01.00354
2221,Patagonia-Z-No-Sew,2025-03-17 17:18:45.601594
2419,Patagonia-SK-Hand-Sewing,2025-03-17 17:53:28.409706
2317,dirty,2025-03-17 17:34:05.374204
2443,manually,2025-03-17 17:54:33.550596
2448,Weather,2025-03-17 17:54:39.139369
2241,Patagonia-SK-Machine-Sewing,2025-03-17 17:19:30.419781
2205,Patagonia-SS-Machine-Sewing,2025-03-17 17:17:41.39168
2259,Patagonia-C,2025-03-17 17:20:29.977637
2194,Patagonia-SK-No-Sew,2025-03-17 17:16:32.767455
1267,Patagonia fasteners,2025-03-17 12:36:37.481009
2269,Patagonia-N-Hand-Sewing,2025-03-17 17:22:23.219303
2284,Porous,2025-03-17 17:29:12.56283
2279,C84,2025-03-17 17:29:12.56283
2383,charger,2025-03-17 17:46:39.999736
2286,Stylus,2025-03-17 17:29:12.56283
2293,lcd repair,2025-03-17 17:30:25.896929
2294,Replacement Buckle,2025-03-17 17:31:25.044927
2296,Timbuk2 Messenger Bag,2025-03-17 17:31:25.044927
2308,amp,2025-03-17 17:33:39.060596
2309,back panel access,2025-03-17 17:33:39.060596
2312,marshall,2025-03-17 17:33:39.060596
2316,dirt under glass,2025-03-17 17:34:05.374204
2319,dusty,2025-03-17 17:34:05.374204
2320,marks on screen,2025-03-17 17:34:05.374204
2321,shadows,2025-03-17 17:34:05.374204
2322,smoke,2025-03-17 17:34:05.374204
2323,grand am,2025-03-17 17:34:21.716107
2324,pontiac,2025-03-17 17:34:21.716107
2325,pontiac grand am,2025-03-17 17:34:21.716107
2326,regulator,2025-03-17 17:34:21.716107
2327,window,2025-03-17 17:34:21.716107
2328,window motor,2025-03-17 17:34:21.716107
2329,window motor bad window is down,2025-03-17 17:34:21.716107
2330,window regulator,2025-03-17 17:34:21.716107
2333,huron,2025-03-17 17:36:43.077658
2334,n222,2025-03-17 17:36:43.077658
2336,nokero,2025-03-17 17:36:43.077658
2337,solar lamp,2025-03-17 17:36:43.077658
2338,solar light,2025-03-17 17:36:43.077658
2343,bleeder,2025-03-17 17:39:35.685179
2344,mityvac,2025-03-17 17:39:35.685179
2345,pump,2025-03-17 17:39:35.685179
2346,vacuum,2025-03-17 17:39:35.685179
2351,altec lansing,2025-03-17 17:44:50.13599
2352,altec lansing im7,2025-03-17 17:44:50.13599
2353,im7,2025-03-17 17:44:50.13599
2354,ipod boom box,2025-03-17 17:44:50.13599
2355,ipod dock,2025-03-17 17:44:50.13599
2356,E970,2025-03-17 17:45:18.913665
2357,E971,2025-03-17 17:45:18.913665
2358,E973,2025-03-17 17:45:18.913665
2359,E975,2025-03-17 17:45:18.913665
2361,LG Optimus G,2025-03-17 17:45:18.913665
2362,No USB Detection,2025-03-17 17:45:18.913665
2363,no usb recognition,2025-03-17 17:45:18.913665
4675,BMW Angel Eyes,2025-03-18 00:11:31.374167
2377,s 2,2025-03-17 17:45:53.35298
4676,BMW E46 LED,2025-03-18 00:11:31.374167
2388,attempt,2025-03-17 17:50:53.52783
2389,many,2025-03-17 17:50:53.52783
2392,wrong,2025-03-17 17:50:53.52783
2486,huawei,2025-03-17 18:02:56.818319
2403,super slim,2025-03-17 17:52:50.059706
2453,LG Shine,2025-03-17 17:59:15.979624
2488,cr42,2025-03-17 18:03:04.601793
2263,Patagonia-SS-Hand-Sewing,2025-03-17 17:21:19.830201
2456,adding images to an existing question on fixit,2025-03-17 17:59:34.669914
2417,expedition-sewing-kit,2025-03-17 17:53:28.409706
1268,Patagonia-N-Machine-Sewing,2025-03-17 12:36:37.481009
2438,iPod Shuffle,2025-03-17 17:54:12.960431
2439,Ipod shuffle 1st Generation,2025-03-17 17:54:12.960431
2315,clean,2025-03-17 17:34:05.374204
2441,eject,2025-03-17 17:54:33.550596
2459,Archos,2025-03-17 18:00:24.586006
2460,Archos 48,2025-03-17 18:00:24.586006
2461,Archos 5,2025-03-17 18:00:24.586006
2466,Gigaset reparieren,2025-03-17 18:01:21.73015
2467,Siemens Gigaset reparieren,2025-03-17 18:01:21.73015
2468,Siemens Gigaset S810,2025-03-17 18:01:21.73015
2470,Wassereinbruch,2025-03-17 18:01:21.73015
2471,Wasserschaden,2025-03-17 18:01:21.73015
2474,drain pump,2025-03-17 18:02:23.969726
2475,GE wpgt9350c0pl,2025-03-17 18:02:23.969726
2476,GE wpgt9350copl,2025-03-17 18:02:23.969726
2477,wpgt9350c0pl,2025-03-17 18:02:23.969726
2478,wpgt9350copl,2025-03-17 18:02:23.969726
2479,macbook power adapter,2025-03-17 18:02:37.943624
2481,power adapter wire,2025-03-17 18:02:37.943624
2379,touch,2025-03-17 17:45:53.35298
2395,bluray,2025-03-17 17:52:50.059706
2487,screen repair,2025-03-17 18:02:56.818319
2237,Featured Fast Fix,2025-03-17 17:19:26.707152
2295,Timbuk2,2025-03-17 17:31:25.044927
2447,stuck,2025-03-17 17:54:33.550596
2391,password,2025-03-17 17:50:53.52783
2400,reading,2025-03-17 17:52:50.059706
2365,brocken,2025-03-17 17:45:53.35298
2398,game,2025-03-17 17:52:50.059706
2382,ac adapter,2025-03-17 17:46:39.999736
2485,Dissasembly,2025-03-17 18:02:56.818319
2378,s2,2025-03-17 17:45:53.35298
2281,epson,2025-03-17 17:29:12.56283
2207,Patagonia-C-Lifestyle,2025-03-17 17:17:46.588319
2199,Patagonia-P-No-Sew,2025-03-17 17:16:55.49952
2360,flex cable,2025-03-17 17:45:18.913665
2386,android,2025-03-17 17:50:53.52783
2452,lg,2025-03-17 17:59:15.979624
2483,galaxy s4,2025-03-17 18:02:47.265516
2490,needle,2025-03-17 18:03:04.601793
2491,record player,2025-03-17 18:03:04.601793
2492,scratched records,2025-03-17 18:03:04.601793
2493,skipping song,2025-03-17 18:03:04.601793
2496,276P595010,2025-03-17 18:03:21.950235
2497,dlp chip,2025-03-17 18:03:21.950235
2498,dots,2025-03-17 18:03:21.950235
2501,WD-73C9,2025-03-17 18:03:21.950235
2502,white dots,2025-03-17 18:03:21.950235
2507,Dolce,2025-03-17 18:07:16.365146
2508,Gusto,2025-03-17 18:07:16.365146
2509,Melody,2025-03-17 18:07:16.365146
2511,water,2025-03-17 18:07:16.365146
2516,Band,2025-03-17 18:09:30.600552
2517,band replacement,2025-03-17 18:09:30.600552
2489,crosley,2025-03-17 18:03:04.601793
2521,lp,2025-03-17 18:09:30.600552
2522,turntable,2025-03-17 18:09:30.600552
2523,vintage,2025-03-17 18:09:30.600552
2494,vinyl,2025-03-17 18:03:04.601793
2495,vinyl records,2025-03-17 18:03:04.601793
2526,won&#39;t turn,2025-03-17 18:09:30.600552
2527,wont turn,2025-03-17 18:09:30.600552
2528,iphone wifi,2025-03-17 18:10:21.303046
2537,games,2025-03-17 18:14:13.717499
2541,optic,2025-03-17 18:14:13.717499
654,PlayStation 3,2025-03-17 08:43:52.055474
2543,problen,2025-03-17 18:14:13.717499
2554,hair dryer,2025-03-17 18:18:47.148742
2555,heat gun,2025-03-17 18:18:47.148742
2556,sony xperia z,2025-03-17 18:18:47.148742
2557,spudger,2025-03-17 18:18:47.148742
2558,xperia z,2025-03-17 18:18:47.148742
2567,Neat,2025-03-17 18:22:23.243878
2568,NeatDesk,2025-03-17 18:22:23.243878
2569,scanner,2025-03-17 18:22:23.243878
2571,fujitsu,2025-03-17 18:23:53.729348
2572,Fujitsu dissasembly,2025-03-17 18:23:53.729348
2573,Fujitsu lifebook t902,2025-03-17 18:23:53.729348
2574,lifebook,2025-03-17 18:23:53.729348
2575,t902,2025-03-17 18:23:53.729348
2579,Step 4- make colors more different,2025-03-17 18:25:21.084098
2606,Alarm Clock Radio,2025-03-17 18:36:19.227469
2607,RC2012,2025-03-17 18:36:19.227469
2608,rca,2025-03-17 18:36:19.227469
2617,c660,2025-03-17 18:40:29.139417
2637,500,2025-03-17 18:40:49.654656
2630,internal,2025-03-17 18:40:34.150501
2642,desire,2025-03-17 18:40:49.654656
2782,erase data,2025-03-17 18:51:25.368734
4677,BMW Halo Rings,2025-03-18 00:11:31.374167
2784,ht,2025-03-17 18:51:25.368734
2539,mechanism,2025-03-17 18:14:13.717499
2673,Add Tagsecret,2025-03-17 18:45:17.539901
2674,camera test,2025-03-17 18:45:17.539901
2676,hidden,2025-03-17 18:45:17.539901
2677,imei,2025-03-17 18:45:17.539901
2678,imei unknown,2025-03-17 18:45:17.539901
2679,menu,2025-03-17 18:45:17.539901
2681,secret,2025-03-17 18:45:17.539901
4678,BMW LED,2025-03-18 00:11:31.374167
4679,dual color leds,2025-03-18 00:11:31.374167
2686,factory,2025-03-17 18:45:58.5307
4680,LED Angel Eyes,2025-03-18 00:11:31.374167
2691,reset hard reset,2025-03-17 18:45:58.5307
2692,s,2025-03-17 18:45:58.5307
2693,s 4,2025-03-17 18:45:58.5307
2696,SIV,2025-03-17 18:45:58.5307
2699,luggage,2025-03-17 18:46:27.965923
2702,roller,2025-03-17 18:46:27.965923
2703,suitcase,2025-03-17 18:46:27.965923
2707,biker,2025-03-17 18:46:37.618779
2710,bracket,2025-03-17 18:46:37.618779
4681,LED halo,2025-03-18 00:11:31.374167
2716,bike,2025-03-17 18:46:44.746249
2793,13 inch,2025-03-17 18:51:52.266091
2534,deck,2025-03-17 18:14:13.717499
2658,replacemen,2025-03-17 18:44:56.061108
2865,sound,2025-03-17 19:03:02.42101
2675,codes,2025-03-17 18:45:17.539901
2547,unit,2025-03-17 18:14:13.717499
2736,buckle,2025-03-17 18:50:28.014116
2738,"female 1""",2025-03-17 18:50:28.014116
2739,messenger,2025-03-17 18:50:28.014116
2795,mid 2010,2025-03-17 18:51:52.266091
2706,Bag,2025-03-17 18:46:37.618779
2798,cech-3000,2025-03-17 18:52:29.768918
2746,cambuckle,2025-03-17 18:50:32.19981
2747,male,2025-03-17 18:50:32.19981
2799,CECH-3001,2025-03-17 18:52:29.768918
2709,bottom,2025-03-17 18:46:37.618779
2800,CECH-3002,2025-03-17 18:52:29.768918
2801,CECH-3003,2025-03-17 18:52:29.768918
2754,male clip,2025-03-17 18:50:37.831542
2802,CECH-3004,2025-03-17 18:52:29.768918
2735,backpack,2025-03-17 18:50:28.014116
2708,biking,2025-03-17 18:46:37.618779
2737,clip,2025-03-17 18:50:28.014116
2720,messenger bag,2025-03-17 18:46:44.746249
2711,pannier,2025-03-17 18:46:37.618779
2689,galaxy,2025-03-17 18:45:58.5307
2768,GT-S3500,2025-03-17 18:50:47.109789
2769,pocket,2025-03-17 18:50:47.109789
2773,IKEA,2025-03-17 18:51:04.799165
2774,acer 5749,2025-03-17 18:51:09.043925
2778,fan noise problem,2025-03-17 18:51:09.043925
2803,change overheating,2025-03-17 18:52:29.768918
2804,clean replace,2025-03-17 18:52:29.768918
2805,head sinck,2025-03-17 18:52:29.768918
2808,sink,2025-03-17 18:52:29.768918
2811,reset carrier apn,2025-03-17 18:52:38.229883
2813,Basis B1,2025-03-17 18:53:21.364472
4682,LED Halo Rings,2025-03-18 00:11:31.374167
2860,sim lock,2025-03-17 19:03:02.42101
2829,no power on,2025-03-17 18:59:17.59405
2831,powe,2025-03-17 18:59:17.59405
2855,extra menu,2025-03-17 19:03:02.42101
2856,mobile phone,2025-03-17 19:03:02.42101
2641,damaged,2025-03-17 18:40:49.654656
2837,Patagonia-Product-Care,2025-03-17 19:00:40.585421
2858,secret menu,2025-03-17 19:03:02.42101
2861,smart phone,2025-03-17 19:03:02.42101
2864,sony xperia mini repair,2025-03-17 19:03:02.42101
2540,not reading,2025-03-17 18:14:13.717499
1822,Toshiba Satellite,2025-03-17 15:09:47.967837
2872,Toshiba Satellite M305D-S4829,2025-03-17 19:03:25.037308
2823,a1000,2025-03-17 18:59:17.59405
2775,aspire,2025-03-17 18:51:09.043925
2825,dead,2025-03-17 18:59:17.59405
2859,service menu,2025-03-17 19:03:02.42101
2688,freezing,2025-03-17 18:45:58.5307
2853,S85,2025-03-17 19:02:53.917381
2705,wheel,2025-03-17 18:46:27.965923
2632,removing,2025-03-17 18:40:34.150501
2694,S IV,2025-03-17 18:45:58.5307
2695,s4,2025-03-17 18:45:58.5307
2785,lost,2025-03-17 18:51:25.368734
2790,reset button,2025-03-17 18:51:25.368734
2399,problem,2025-03-17 17:52:50.059706
2876,blocked,2025-03-17 19:05:44.421095
2836,Patagonia-C-Technical,2025-03-17 19:00:40.585421
2538,laser,2025-03-17 18:14:13.717499
1314,touchscreen,2025-03-17 12:55:17.439458
2809,factory reset,2025-03-17 18:52:38.229883
2622,replacemnt,2025-03-17 18:40:29.139417
2788,pattern drill,2025-03-17 18:51:25.368734
4683,Switch back LED,2025-03-18 00:11:31.374167
4684,Switchback LED,2025-03-18 00:11:31.374167
2896,android recovery menu,2025-03-17 19:08:17.393769
3205,xserve 2009,2025-03-17 20:23:06.455812
3206,xserve logic board,2025-03-17 20:23:06.455812
3280,block,2025-03-17 20:31:30.565565
2942,Outer Casing,2025-03-17 19:10:44.84528
3063,take apart,2025-03-17 19:48:21.100044
2912,os problem,2025-03-17 19:08:39.035859
3210,hardware reset,2025-03-17 20:23:50.44682
4685,Two Tone LED,2025-03-18 00:11:31.374167
2920,bypass password,2025-03-17 19:08:42.91046
2921,delete data,2025-03-17 19:08:42.91046
3214,turn on,2025-03-17 20:23:50.44682
3041,cover,2025-03-17 19:44:22.410041
2687,freeze,2025-03-17 18:45:58.5307
1241,lenovo,2025-03-17 12:23:50.76479
2930,remove password,2025-03-17 19:08:42.91046
3060,not workin,2025-03-17 19:48:21.100044
2937,cordless,2025-03-17 19:10:33.065585
2940,rechargeable,2025-03-17 19:10:33.065585
2941,casing,2025-03-17 19:10:44.84528
2945,shell,2025-03-17 19:10:44.84528
2954,rubber,2025-03-17 19:13:10.755366
2953,door,2025-03-17 19:13:10.755366
2966,back up,2025-03-17 19:18:52.266896
3133,ddr3,2025-03-17 20:17:41.321456
2684,data,2025-03-17 18:45:58.5307
2971,factori reset,2025-03-17 19:18:52.266896
3218,latitude,2025-03-17 20:26:02.675715
2975,problem freeze,2025-03-17 19:18:52.266896
3264,mic malfunction,2025-03-17 20:29:14.86452
2983,Heat Recovery System,2025-03-17 19:21:45.199798
2984,MVHR,2025-03-17 19:21:45.199798
2985,Vent-Axia,2025-03-17 19:21:45.199798
2993,LED driver,2025-03-17 19:25:32.183552
2994,PSP 1000E,2025-03-17 19:25:32.183552
3010,lumia,2025-03-17 19:37:23.131066
3012,nokia lumia 620,2025-03-17 19:37:23.131066
3014,windows phone,2025-03-17 19:37:23.131066
3018,leappad2,2025-03-17 19:37:49.222953
3035,back-facing,2025-03-17 19:44:18.459013
3220,ram change,2025-03-17 20:26:02.675715
3034,back,2025-03-17 19:44:18.459013
3222,disassemble epson,2025-03-17 20:26:43.301913
3033,xoom,2025-03-17 19:43:58.130975
3070,Flip 15,2025-03-17 19:51:17.19935
3072,Vaio,2025-03-17 19:51:17.19935
3225,epson printer,2025-03-17 20:26:43.301913
3080,Getting Started,2025-03-17 19:55:19.902918
3090,broken lcd,2025-03-17 20:00:07.18757
3092,lcd replacement,2025-03-17 20:00:07.18757
3167,hidden menu,2025-03-17 20:20:17.670376
3098,5542,2025-03-17 20:03:23.320194
3226,inkjet,2025-03-17 20:26:43.301913
3227,inkjet printer,2025-03-17 20:26:43.301913
2999,Mac pro repair,2025-03-17 19:31:13.550267
3110,Samsung Gravity,2025-03-17 20:11:23.733265
3111,touchscreen replacement,2025-03-17 20:11:23.733265
3121,corded drill,2025-03-17 20:14:53.70337
3122,Dewalt drill,2025-03-17 20:14:53.70337
3123,DW106,2025-03-17 20:14:53.70337
3126,Brewgroup,2025-03-17 20:17:03.962287
3128,espresso,2025-03-17 20:17:03.962287
3129,saeco,2025-03-17 20:17:03.962287
3137,ram memory,2025-03-17 20:17:41.321456
2827,ideatab,2025-03-17 18:59:17.59405
3262,loudspeaker,2025-03-17 20:29:14.86452
3149,flex,2025-03-17 20:18:28.729889
3151,zte phone,2025-03-17 20:18:28.729889
3152,ru,2025-03-17 20:18:51.240846
3154,PS4 Camera Eye PLaystation,2025-03-17 20:19:31.543517
2685,erase,2025-03-17 18:45:58.5307
3166,enter code,2025-03-17 20:20:17.670376
3171,note,2025-03-17 20:20:17.670376
3172,s II,2025-03-17 20:20:17.670376
3173,S iii,2025-03-17 20:20:17.670376
3176,s3,2025-03-17 20:20:17.670376
3181,xalaxy,2025-03-17 20:20:17.670376
2967,backup,2025-03-17 19:18:52.266896
3184,download,2025-03-17 20:22:12.47113
3187,music,2025-03-17 20:22:12.47113
3189,pic,2025-03-17 20:22:12.47113
3190,pictures,2025-03-17 20:22:12.47113
3191,privat,2025-03-17 20:22:12.47113
3236,soldering,2025-03-17 20:28:03.53219
3195,save data,2025-03-17 20:22:12.47113
3196,storage,2025-03-17 20:22:12.47113
3197,asus A43,2025-03-17 20:22:24.14819
3198,asus A53,2025-03-17 20:22:24.14819
3199,asus K43,2025-03-17 20:22:24.14819
3200,asus K53,2025-03-17 20:22:24.14819
3201,asus X43,2025-03-17 20:22:24.14819
3202,asus X53,2025-03-17 20:22:24.14819
3204,xserve,2025-03-17 20:23:06.455812
3232,audi a4,2025-03-17 20:27:43.70775
3237,stereo,2025-03-17 20:28:03.53219
3238,Patagonia-P-Hand-Sewing,2025-03-17 20:28:43.805115
3239,body,2025-03-17 20:29:09.45117
3241,corsair,2025-03-17 20:29:09.45117
3243,gaming,2025-03-17 20:29:09.45117
3245,m65,2025-03-17 20:29:09.45117
3094,prerequisite only,2025-03-17 20:01:45.174658
3249,vengeance,2025-03-17 20:29:09.45117
3250,4s,2025-03-17 20:29:14.86452
3251,buzzer,2025-03-17 20:29:14.86452
3256,comunication,2025-03-17 20:29:14.86452
3258,dock,2025-03-17 20:29:14.86452
3259,dock connector,2025-03-17 20:29:14.86452
3261,itunes,2025-03-17 20:29:14.86452
3265,mic problem,2025-03-17 20:29:14.86452
3271,wifi flex cable,2025-03-17 20:29:14.86452
3278,app,2025-03-17 20:31:30.565565
3279,application,2025-03-17 20:31:30.565565
3282,freezes,2025-03-17 20:31:30.565565
3193,restart,2025-03-17 20:22:12.47113
3286,soft,2025-03-17 20:31:30.565565
3287,software,2025-03-17 20:31:30.565565
3291,Acer Ferrari 4000,2025-03-17 20:34:40.380525
3292,Ferrari,2025-03-17 20:34:40.380525
3294,camshaft,2025-03-17 20:34:46.657243
3295,passat,2025-03-17 20:34:46.657243
3059,lcd displa,2025-03-17 19:48:21.100044
3266,microphone,2025-03-17 20:29:14.86452
3054,change changing,2025-03-17 19:48:21.100044
2783,forgot,2025-03-17 18:51:25.368734
2977,reset change engine oil message Chevrolet Camaro,2025-03-17 19:18:52.266896
3142,upgrading,2025-03-17 20:17:41.321456
2934,wipe,2025-03-17 19:08:42.91046
3263,mic,2025-03-17 20:29:14.86452
3132,cmos battery,2025-03-17 20:17:41.321456
3134,Hard Disk Drive,2025-03-17 20:17:41.321456
3169,information,2025-03-17 20:20:17.670376
2866,tablet,2025-03-17 19:03:02.42101
2902,not working,2025-03-17 19:08:17.393769
2878,delete,2025-03-17 19:05:44.421095
3185,lost data,2025-03-17 20:22:12.47113
2890,screen lock,2025-03-17 19:05:44.421095
3168,info,2025-03-17 20:20:17.670376
3269,ringer,2025-03-17 20:29:14.86452
2910,HARD RESET,2025-03-17 19:08:39.035859
3304,memory module,2025-03-17 20:35:26.021706
3305,RAM module,2025-03-17 20:35:26.021706
3307,replacing batterie more powerful,2025-03-17 20:35:26.021706
3312,wireless card,2025-03-17 20:35:26.021706
3327,not function,2025-03-17 20:35:49.042786
3332,compoud,2025-03-17 20:35:53.847412
3337,full disassemble,2025-03-17 20:35:53.847412
3338,heatsink,2025-03-17 20:35:53.847412
3339,heatsynk,2025-03-17 20:35:53.847412
3345,asus t300la,2025-03-17 20:40:08.224806
3348,enter menu,2025-03-17 20:43:38.795156
3355,password removal,2025-03-17 20:43:38.795156
3359,reset boot,2025-03-17 20:43:38.795156
3360,unblock,2025-03-17 20:43:38.795156
3364,beginner,2025-03-17 20:43:45.107172
3365,e1,2025-03-17 20:43:45.107172
3367,liquid,2025-03-17 20:43:45.107172
3369,V360,2025-03-17 20:43:45.107172
3374,bat sectors,2025-03-17 20:45:37.40988
3388,chenging,2025-03-17 20:45:44.938401
3395,blue-tooth,2025-03-17 20:45:48.831804
3400,coaxial cable,2025-03-17 20:45:48.831804
3401,connectors,2025-03-17 20:45:48.831804
3520,cooling,2025-03-17 20:59:05.441003
3790,Digital translator,2025-03-17 21:11:43.92205
3418,radiator,2025-03-17 20:45:58.286226
3422,thermal compose,2025-03-17 20:45:58.286226
3314,CD drive,2025-03-17 20:35:45.442096
3429,flashing,2025-03-17 20:46:08.117638
3433,make a backup,2025-03-17 20:46:08.117638
3748,cooling fan,2025-03-17 21:09:09.999342
3443,damage,2025-03-17 20:47:32.414257
3447,fully disassemble,2025-03-17 20:47:32.414257
3455,broken backlight,2025-03-17 20:47:40.866522
3456,cahange,2025-03-17 20:47:40.866522
3458,crashed blackberry,2025-03-17 20:47:40.866522
3469,AC Adapter Prevents Boot,2025-03-17 20:47:47.200353
3474,how to open,2025-03-17 20:47:47.200353
3475,iconia,2025-03-17 20:47:47.200353
3476,iconia b1,2025-03-17 20:47:47.200353
3477,not responding,2025-03-17 20:47:47.200353
3479,solution,2025-03-17 20:47:47.200353
3488,home button,2025-03-17 20:48:13.508984
3492,retina,2025-03-17 20:48:13.508984
3493,ribbon cable,2025-03-17 20:48:13.508984
3498,Lacie hard drive disassembly,2025-03-17 20:53:08.852143
3499,Lacie Minimus hard drive disassembly,2025-03-17 20:53:08.852143
3500,default,2025-03-17 20:53:59.434859
3503,forget,2025-03-17 20:53:59.434859
3509,pin1,2025-03-17 20:53:59.434859
4694,LED daytime running lights,2025-03-18 00:11:36.986291
3515,Braun Oral-B Professional Care 9900 Triumph,2025-03-17 20:54:05.439308
3516,electric toothbrush,2025-03-17 20:54:05.439308
3517,oralb,2025-03-17 20:54:05.439308
3524,f01,2025-03-17 20:59:05.441003
3525,open and close tray problem,2025-03-17 20:59:05.441003
3526,system,2025-03-17 20:59:05.441003
3346,windows,2025-03-17 20:40:08.224806
3399,coaxial,2025-03-17 20:45:48.831804
3541,knob,2025-03-17 20:59:32.753677
3542,volume adjust,2025-03-17 20:59:32.753677
3543,change digitizer mounting frame,2025-03-17 20:59:35.4653
3746,clean ccd,2025-03-17 21:09:09.999342
3552,upgrading hard drive,2025-03-17 20:59:35.4653
3556,lg g2,2025-03-17 20:59:44.647835
3568,pass,2025-03-17 21:01:50.706201
3569,pass code lock,2025-03-17 21:01:50.706201
3673,factory settings,2025-03-17 21:06:20.930499
3471,battery cover,2025-03-17 20:47:47.200353
3720,1GB,2025-03-17 21:09:01.943405
3721,2gb,2025-03-17 21:09:01.943405
3722,4gb,2025-03-17 21:09:01.943405
3723,8gb,2025-03-17 21:09:01.943405
3749,cooling system,2025-03-17 21:09:09.999342
3774,no picture,2025-03-17 21:09:30.090849
3603,freeze randomly,2025-03-17 21:02:12.998972
3675,forgotten,2025-03-17 21:06:20.930499
3606,restor,2025-03-17 21:02:12.998972
3421,temperature,2025-03-17 20:45:58.286226
3608,android os,2025-03-17 21:02:17.111656
3573,personal data,2025-03-17 21:01:50.706201
3621,properly,2025-03-17 21:02:17.111656
3724,Compaq 6715,2025-03-17 21:09:01.943405
3725,cq58,2025-03-17 21:09:01.943405
3726,dd34,2025-03-17 21:09:01.943405
3728,elpida,2025-03-17 21:09:01.943405
3631,Alesis,2025-03-17 21:03:14.791523
3642,migrated,2025-03-17 21:04:54.073587
3733,Update failed,2025-03-17 21:09:01.943405
3648,dlete,2025-03-17 21:06:09.928959
3565,finger,2025-03-17 21:01:50.706201
3324,KB,2025-03-17 20:35:49.042786
3655,locked files,2025-03-17 21:06:09.928959
3571,pattern dril,2025-03-17 21:01:50.706201
3734,upgrade 2429,2025-03-17 21:09:01.943405
3692,master reset,2025-03-17 21:06:32.240171
3696,pc companion,2025-03-17 21:06:32.240171
3561,bypass,2025-03-17 21:01:50.706201
3671,delete hd,2025-03-17 21:06:20.930499
2884,locked,2025-03-17 19:05:44.421095
3701,inspection,2025-03-17 21:06:39.016355
3431,iphone 5s,2025-03-17 20:46:08.117638
3703,iphone 5s back cover,2025-03-17 21:06:39.016355
3704,iphone 5s battery,2025-03-17 21:06:39.016355
3705,iphone 5s display,2025-03-17 21:06:39.016355
3708,x-ray,2025-03-17 21:06:39.016355
3713,k-lock,2025-03-17 21:08:57.473408
3716,keyboard an mouse,2025-03-17 21:08:57.473408
3739,network connecting,2025-03-17 21:09:05.955003
3775,nothing on the screen,2025-03-17 21:09:30.090849
3744,wireless bluetooth,2025-03-17 21:09:05.955003
3751,dust cleaning heat,2025-03-17 21:09:09.999342
3336,fan system,2025-03-17 20:35:53.847412
3755,overhead,2025-03-17 21:09:09.999342
4689,DIY guide,2025-03-18 00:11:36.986291
3539,ribbon,2025-03-17 20:59:13.800122
3778,change alternator,2025-03-17 21:09:45.722982
3563,data lost,2025-03-17 21:01:50.706201
3789,Besta Super 5000,2025-03-17 21:11:43.92205
3792,Translator,2025-03-17 21:11:43.92205
3799,glass digitizer,2025-03-17 21:12:30.860345
3801,line,2025-03-17 21:12:30.860345
3714,key battery,2025-03-17 21:08:57.473408
3426,factory restore,2025-03-17 20:46:08.117638
3531,connector,2025-03-17 20:59:13.800122
3347,windows 8,2025-03-17 20:40:08.224806
1312,replacing,2025-03-17 12:55:17.439458
3427,firmware,2025-03-17 20:46:08.117638
3423,thermal grease,2025-03-17 20:45:58.286226
3666,stock rom,2025-03-17 21:06:09.928959
911,reset,2025-03-17 10:17:44.56537
4692,installation guide,2025-03-18 00:11:36.986291
3326,keys,2025-03-17 20:35:49.042786
3737,lan,2025-03-17 21:09:05.955003
3738,Network,2025-03-17 21:09:05.955003
2056,thermal,2025-03-17 15:47:18.627371
3586,format,2025-03-17 21:02:02.958488
3632,audio,2025-03-17 21:03:14.791523
3807,Buehl,2025-03-17 21:12:50.765705
3810,Laptop replace speakers,2025-03-17 21:12:50.765705
3811,Replace Speakers,2025-03-17 21:12:50.765705
3806,Brutus,2025-03-17 21:12:50.765705
3809,Dell Inspiron Mini 1012,2025-03-17 21:12:50.765705
3820,Group 1,2025-03-17 21:13:30.544333
3822,Laptop Speakers,2025-03-17 21:13:30.544333
4686,aftermarket,2025-03-18 00:11:36.986291
3814,Team Brutus,2025-03-17 21:12:50.765705
3815,Technical Writing,2025-03-17 21:12:50.765705
3828,The Ohio State University,2025-03-17 21:13:30.544333
3829,bimetal strip,2025-03-17 21:13:44.879461
3830,fluorescent lamp,2025-03-17 21:13:44.879461
3831,fluorescent tube,2025-03-17 21:13:44.879461
3832,fused,2025-03-17 21:13:44.879461
3833,glow,2025-03-17 21:13:44.879461
3834,starter,2025-03-17 21:13:44.879461
3835,Honda Pilot,2025-03-17 21:15:13.818948
3836,timing belt,2025-03-17 21:15:13.818948
3840,broken audio jack,2025-03-17 21:16:43.354462
3842,change digitizer,2025-03-17 21:16:43.354462
3843,change touchscreen,2025-03-17 21:16:43.354462
3848,replace replacing,2025-03-17 21:16:43.354462
3860,replace display,2025-03-17 21:16:53.861361
3861,replace LCD,2025-03-17 21:16:53.861361
3862,replace screen,2025-03-17 21:16:53.861361
3879,V,2025-03-17 21:18:04.496158
4334,change replace,2025-03-17 23:53:35.758814
4695,LED DRL,2025-03-18 00:11:36.986291
1726,philips,2025-03-17 14:45:29.643018
3903,can&#39;t,2025-03-17 21:26:40.330194
3904,cannot,2025-03-17 21:26:40.330194
3905,choose,2025-03-17 21:26:40.330194
3911,recovery,2025-03-17 21:26:40.330194
3912,recovery menu,2025-03-17 21:26:40.330194
3929,drill,2025-03-17 21:43:08.964385
3931,loading,2025-03-17 21:43:08.964385
3910,reboot,2025-03-17 21:26:40.330194
4697,Philips Style,2025-03-18 00:11:36.986291
3607,user data,2025-03-17 21:02:12.998972
3943,Key not working,2025-03-17 21:43:30.390745
3946,spill,2025-03-17 21:43:30.390745
3948,macbook air 13,2025-03-17 21:45:42.565752
3950,MicroSD adapter,2025-03-17 21:45:42.565752
3951,Nifty MiniDrive,2025-03-17 21:45:42.565752
3952,TarDisk,2025-03-17 21:45:42.565752
3956,Dell Optiplex GX620,2025-03-17 21:48:38.60521
3965,back-facing camera,2025-03-17 21:54:50.337294
3980,broken glass,2025-03-17 21:58:24.654061
3997,battery packs,2025-03-17 22:01:01.25602
4234,housing,2025-03-17 23:41:36.909984
4002,lion,2025-03-17 22:01:01.25602
4004,raplace,2025-03-17 22:01:01.25602
4069,cannot start,2025-03-17 22:34:01.733154
4071,erasing,2025-03-17 22:34:01.733154
4073,forgoten,2025-03-17 22:34:01.733154
3873,battery pack,2025-03-17 21:18:04.496158
4326,hold charge,2025-03-17 23:52:27.755935
2889,restore,2025-03-17 19:05:44.421095
4097,ihip,2025-03-17 22:46:14.763665
4098,motherboard replacement,2025-03-17 22:46:14.763665
4021,easyshare,2025-03-17 22:13:29.972437
4022,kodak,2025-03-17 22:13:29.972437
4024,Z740,2025-03-17 22:13:29.972437
4126,how to change,2025-03-17 23:02:12.318088
4127,how to replace,2025-03-17 23:02:12.318088
4129,prepair,2025-03-17 23:02:12.318088
4149,dvd player,2025-03-17 23:10:18.58718
4184,how to fix,2025-03-17 23:30:51.384374
4190,Alcatel One Touch Evolve,2025-03-17 23:32:03.723659
4383,PCIe card,2025-03-17 23:54:43.922292
4200,discharge,2025-03-17 23:38:49.21898
4201,discharging,2025-03-17 23:38:49.21898
4202,hold,2025-03-17 23:38:49.21898
4212,lost sound,2025-03-17 23:39:28.615665
4216,Ringer not working,2025-03-17 23:39:28.615665
4220,fpv,2025-03-17 23:39:51.821611
4222,gopro,2025-03-17 23:39:51.821611
4223,gopro hero 4,2025-03-17 23:39:51.821611
4224,h3-3d,2025-03-17 23:39:51.821611
4225,hero,2025-03-17 23:39:51.821611
4226,phantom,2025-03-17 23:39:51.821611
4228,transmitter,2025-03-17 23:39:51.821611
4229,zenmuse,2025-03-17 23:39:51.821611
4236,separate,2025-03-17 23:41:36.909984
4244,no voice,2025-03-17 23:41:40.014382
4252,headphone,2025-03-17 23:41:59.234034
4253,headphone jack broken,2025-03-17 23:41:59.234034
4265,spills,2025-03-17 23:45:35.80175
4270,bad sectors,2025-03-17 23:50:42.23858
4274,operating system,2025-03-17 23:50:42.23858
4275,os,2025-03-17 23:50:42.23858
4289,connection,2025-03-17 23:50:50.124918
4290,internet connection,2025-03-17 23:50:50.124918
4293,pci,2025-03-17 23:50:50.124918
4294,PCI expres,2025-03-17 23:50:50.124918
4296,slot,2025-03-17 23:50:50.124918
4302,diasassemble,2025-03-17 23:50:53.959861
4281,defective,2025-03-17 23:50:46.653185
4318,invalid sim card,2025-03-17 23:51:17.931708
4319,SIM card,2025-03-17 23:51:17.931708
4322,volume control,2025-03-17 23:51:27.80239
4384,traffic,2025-03-17 23:54:43.922292
4325,chenage,2025-03-17 23:52:27.755935
4327,li-ion battery,2025-03-17 23:52:27.755935
4390,mainborad,2025-03-17 23:54:47.770457
4003,lithium battery test,2025-03-17 22:01:01.25602
4335,hard disc,2025-03-17 23:53:35.758814
4410,ringing,2025-03-17 23:56:34.607044
4235,rear cover,2025-03-17 23:41:36.909984
4353,does not hold charge,2025-03-17 23:54:29.196512
4000,li-on,2025-03-17 22:01:01.25602
4321,volume,2025-03-17 23:51:27.80239
4356,polymer,2025-03-17 23:54:29.196512
4370,upgradng,2025-03-17 23:54:32.997629
4371,dd,2025-03-17 23:54:40.099058
4377,connected,2025-03-17 23:54:43.922292
4381,no connection,2025-03-17 23:54:43.922292
4382,PCI express,2025-03-17 23:54:43.922292
4396,fix internet explorer crash,2025-03-17 23:55:39.887851
4397,IE crashes,2025-03-17 23:55:39.887851
4398,internet explorer crashes,2025-03-17 23:55:39.887851
4401,battery 3,2025-03-17 23:56:31.511551
3361,unlock,2025-03-17 20:43:38.795156
4405,rear panel,2025-03-17 23:56:31.511551
4411,vibrate,2025-03-17 23:56:34.607044
4414,vibro motor,2025-03-17 23:56:34.607044
4417,main baord,2025-03-17 23:56:48.907925
4421,replace change,2025-03-17 23:56:48.907925
4426,digitize,2025-03-17 23:56:53.879004
4435,nas,2025-03-17 23:57:08.532478
4436,call,2025-03-17 23:57:18.86657
4438,hear,2025-03-17 23:57:18.86657
3883,chnaging,2025-03-17 21:19:34.687028
4437,earpiece,2025-03-17 23:57:18.86657
4418,mainboard,2025-03-17 23:56:48.907925
4254,headphones,2025-03-17 23:41:59.234034
4378,half mini,2025-03-17 23:54:43.922292
4219,dji,2025-03-17 23:39:51.821611
4221,gimbal,2025-03-17 23:39:51.821611
4379,internet,2025-03-17 23:54:43.922292
4291,lan card,2025-03-17 23:50:50.124918
3987,faulty,2025-03-17 21:58:24.654061
3813,Speaker Replacement,2025-03-17 21:12:50.765705
4442,"iMac Intel 27"" EMC 2639",2025-03-17 23:57:29.448042
4443,vesa mount,2025-03-17 23:57:29.448042
2919,wipe data,2025-03-17 19:08:39.035859
4446,maverick,2025-03-17 23:58:13.687289
4447,N-strike,2025-03-17 23:58:13.687289
4451,Repair broken glass,2025-03-17 23:58:16.696636
4453,samsung 10.1,2025-03-17 23:58:16.696636
4454,tablet touchscreen,2025-03-17 23:58:16.696636
4455,tough adhesive,2025-03-17 23:58:16.696636
4461,last firmware,2025-03-17 23:59:04.470236
4482,chnge,2025-03-17 23:59:11.281404
3884,Li-Polimer,2025-03-17 21:19:34.687028
3885,lithium,2025-03-17 21:19:34.687028
4700,car lights,2025-03-18 00:11:45.853582
4705,Infiniti,2025-03-18 00:11:45.853582
4487,LCR-Reader,2025-03-17 23:59:16.175364
4488,Smart Tweezers,2025-03-17 23:59:16.175364
4489,Smart Tweezers ST-5S,2025-03-17 23:59:16.175364
4507,password lock,2025-03-17 23:59:28.596267
4518,erar,2025-03-17 23:59:49.306596
4519,how to disassemble,2025-03-17 23:59:49.306596
4520,phone call,2025-03-17 23:59:49.306596
4528,focus,2025-03-17 23:59:53.985536
4532,quiet,2025-03-17 23:59:57.537883
4533,quietly,2025-03-17 23:59:57.537883
4534,ring,2025-03-17 23:59:57.537883
4538,adhesive,2025-03-18 00:00:03.220667
4545,display assembly,2025-03-18 00:00:03.220667
4560,no signal,2025-03-18 00:00:12.97762
4567,checksum,2025-03-18 00:00:25.515594
4572,1333,2025-03-18 00:00:33.154667
4573,1666,2025-03-18 00:00:33.154667
4574,ddr,2025-03-18 00:00:33.154667
4576,r2 trigger spring,2025-03-18 00:00:33.154667
4588,heatsinc,2025-03-18 00:00:43.386828
4589,hot,2025-03-18 00:00:43.386828
4594,thermal compound,2025-03-18 00:00:43.386828
4600,HDD Cover,2025-03-18 00:01:10.682143
4601,memory cover,2025-03-18 00:01:10.682143
4606,don not read,2025-03-18 00:01:21.583165
4608,laser unit,2025-03-18 00:01:21.583165
4619,charging board,2025-03-18 00:03:04.049101
4620,charging connector,2025-03-18 00:03:04.049101
4638,Dictionary,2025-03-18 00:05:42.523664
4639,Electronic Dictionary,2025-03-18 00:05:42.523664
4640,Franklin,2025-03-18 00:05:42.523664
4643,bosch,2025-03-18 00:08:52.544005
4644,bosch ergomixx,2025-03-18 00:08:52.544005
4645,demontage,2025-03-18 00:08:52.544005
4646,mixeur,2025-03-18 00:08:52.544005
4647,garage door antenna,2025-03-18 00:08:59.787693
4648,garage door remote control signage strength weak antenna,2025-03-18 00:08:59.787693
4649,remote control signal weak,2025-03-18 00:08:59.787693
4650,signal weak,2025-03-18 00:08:59.787693
4651,jbl,2025-03-18 00:10:52.764041
4653,sub woofer,2025-03-18 00:10:52.764041
4654,subwoofer,2025-03-18 00:10:52.764041
4656,LG g watch r,2025-03-18 00:10:56.153264
4657,Smart Watch,2025-03-18 00:10:56.153264
4658,smartwatch,2025-03-18 00:10:56.153264
4707,jdm,2025-03-18 00:11:45.853582
4709,LED license plate,2025-03-18 00:11:45.853582
4710,LED license plate lights,2025-03-18 00:11:45.853582
4670,led lights,2025-03-18 00:11:22.639718
4712,T10,2025-03-18 00:11:45.853582
4713,Break Line,2025-03-18 00:11:54.632232
4716,Rush 4,2025-03-18 00:11:54.632232
4717,Console Accessory,2025-03-18 00:12:10.781936
99,guitar,2025-03-17 04:57:10.264897
4719,Rock Band,2025-03-18 00:12:10.781936
4720,xbox 360,2025-03-18 00:12:10.781936
4721,Acro Break Handles,2025-03-18 00:12:15.968049
4787,half mini PCIe,2025-03-18 00:15:24.267557
4714,Ozone,2025-03-18 00:11:54.632232
4715,Paraglider,2025-03-18 00:11:54.632232
4727,motor,2025-03-18 00:13:20.65507
4730,vibra,2025-03-18 00:13:20.65507
4413,vibro,2025-03-17 23:56:34.607044
4740,back camera,2025-03-18 00:13:28.197441
4832,vision plus,2025-03-18 00:17:18.562005
19,featured student guides,2025-03-17 03:49:47.255832
838,change,2025-03-17 09:58:59.123887
4630,rear camera,2025-03-18 00:03:04.049101
4687,car parts,2025-03-18 00:11:36.986291
4753,BMW 3 series,2025-03-18 00:15:05.508895
4625,front camera,2025-03-18 00:03:04.049101
4629,micro USB,2025-03-18 00:03:04.049101
4756,e36,2025-03-18 00:15:05.508895
2025,E46,2025-03-17 15:34:56.603804
4759,E64,2025-03-18 00:15:05.508895
4760,e65,2025-03-18 00:15:05.508895
4761,E90,2025-03-18 00:15:05.508895
4762,E92,2025-03-18 00:15:05.508895
4766,F25,2025-03-18 00:15:05.508895
4767,F30,2025-03-18 00:15:05.508895
4768,F32,2025-03-18 00:15:05.508895
4854,connect,2025-03-18 00:27:25.833821
4763,euro,2025-03-18 00:15:05.508895
4772,kidney grille,2025-03-18 00:15:05.508895
4853,card reader,2025-03-18 00:27:25.833821
4774,2,2025-03-18 00:15:20.164178
4775,"2.5""",2025-03-18 00:15:20.164178
4776,5&quot,2025-03-18 00:15:20.164178
4778,drive,2025-03-18 00:15:20.164178
4441,Fast Fix,2025-03-17 23:57:23.839711
110,seagate,2025-03-17 05:08:42.735435
4785,western digital,2025-03-18 00:15:20.164178
4527,error,2025-03-17 23:59:53.985536
4806,core,2025-03-18 00:16:48.955296
4808,dual core,2025-03-18 00:16:48.955296
4813,main cpu,2025-03-18 00:16:48.955296
4814,main processor,2025-03-18 00:16:48.955296
4817,socket,2025-03-18 00:16:48.955296
4468,reflash,2025-03-17 23:59:04.470236
4797,rtc,2025-03-18 00:15:27.805446
4227,phantom 2,2025-03-17 23:39:51.821611
4764,european cars,2025-03-18 00:15:05.508895
1761,f10,2025-03-17 15:01:03.114279
2932,security,2025-03-17 19:08:42.91046
4842,led light,2025-03-18 00:21:22.655998
4843,tailgate,2025-03-18 00:21:22.655998
4845,truck LED,2025-03-18 00:21:22.655998
4846,truck lights,2025-03-18 00:21:22.655998
4847,trunk,2025-03-18 00:21:22.655998
4848,trunk tailgate,2025-03-18 00:21:22.655998
4855,external device,2025-03-18 00:27:25.833821
4856,flash drive,2025-03-18 00:27:25.833821
4860,mouse button,2025-03-18 00:27:25.833821
4861,pendrive,2025-03-18 00:27:25.833821
4580,so-dimm,2025-03-18 00:00:33.154667
3393,update,2025-03-17 20:45:44.938401
4809,i3,2025-03-18 00:16:48.955296
4810,i5,2025-03-18 00:16:48.955296
4811,i7,2025-03-18 00:16:48.955296
2396,disk,2025-03-17 17:52:50.059706
4642,blender,2025-03-18 00:08:52.544005
301,motherboard,2025-03-17 06:04:46.987432
4628,main camera,2025-03-18 00:03:04.049101
4688,cars,2025-03-18 00:11:36.986291
2318,dust,2025-03-17 17:34:05.374204
4579,sdram,2025-03-18 00:00:33.154667
350,upgrade,2025-03-17 06:18:03.602029
812,replace,2025-03-17 09:28:54.228584
4690,iJDMTOY,2025-03-18 00:11:36.986291
3244,led,2025-03-17 20:29:09.45117
4862,standard setting,2025-03-18 00:27:25.833821
4863,standart,2025-03-18 00:27:25.833821
4865,Display replacement,2025-03-18 00:27:32.911692
4867,How to Cyber-Shot DSC-H55,2025-03-18 00:30:12.611641
4868,american,2025-03-18 00:31:36.893873
4869,american truck,2025-03-18 00:31:36.893873
4870,big car,2025-03-18 00:31:36.893873
4871,chevrolet,2025-03-18 00:31:36.893873
4872,Chevrolet Silverado,2025-03-18 00:31:36.893873
4873,chevy,2025-03-18 00:31:36.893873
4874,Chevy Silverado,2025-03-18 00:31:36.893873
4877,high mount,2025-03-18 00:31:36.893873
4880,Silverado,2025-03-18 00:31:36.893873
4881,tail light,2025-03-18 00:31:36.893873
4844,truck,2025-03-18 00:21:22.655998
4883,truck brake light,2025-03-18 00:31:36.893873
4884,truck light,2025-03-18 00:31:36.893873
4898,accelerometer,2025-03-18 00:45:30.514318
4899,compass,2025-03-18 00:45:30.514318
4904,safe mode,2025-03-18 00:45:30.514318
4906,software info,2025-03-18 00:45:30.514318
4907,test camera,2025-03-18 00:45:30.514318
4908,test earpiece,2025-03-18 00:45:30.514318
4909,test hardware,2025-03-18 00:45:30.514318
4910,test loudspeakers,2025-03-18 00:45:30.514318
2868,test menu,2025-03-17 19:03:02.42101
4915,1333mhz,2025-03-18 00:48:49.914775
4916,1600mhz,2025-03-18 00:48:49.914775
4918,memorex,2025-03-18 00:48:49.914775
4923,cahnge,2025-03-18 00:48:53.022044
4790,signal,2025-03-18 00:15:24.267557
4950,greace,2025-03-18 00:49:18.728038
4812,intel,2025-03-18 00:16:48.955296
3759,thermo,2025-03-17 21:09:09.999342
4962,turn off,2025-03-18 00:49:18.728038
4970,CMOS sensor,2025-03-18 00:52:04.609815
4946,compound,2025-03-18 00:49:18.728038
5244,grease,2025-03-18 02:08:11.913062
262,keyboard,2025-03-17 05:59:01.367665
4976,Camera teardown,2025-03-18 00:52:54.604221
4977,Pentax Optio WG-1,2025-03-18 00:52:54.604221
4982,ascend,2025-03-18 00:54:43.490178
4983,G630,2025-03-18 00:54:43.490178
4989,clock,2025-03-18 01:00:34.532396
4992,safe,2025-03-18 01:00:34.532396
4993,settings,2025-03-18 01:00:34.532396
4994,13 pin,2025-03-18 01:00:41.602346
4995,adapter,2025-03-18 01:00:41.602346
4996,cable,2025-03-18 01:00:41.602346
2886,pattern,2025-03-17 19:05:44.421095
5015,license plate adapter,2025-03-18 01:04:28.653568
5016,license plate bracket,2025-03-18 01:04:28.653568
5017,license plate relocator,2025-03-18 01:04:28.653568
5018,tow hole,2025-03-18 01:04:28.653568
5019,tow hook,2025-03-18 01:04:28.653568
4891,NX300,2025-03-18 00:39:13.074238
4893,Samsung NX,2025-03-18 00:39:13.074238
4894,Samsung NX300,2025-03-18 00:39:13.074238
5043,back case replacement,2025-03-18 01:15:22.485628
5045,back cover replacement,2025-03-18 01:15:22.485628
883,mother board,2025-03-17 10:15:35.106617
5051,front panel assembly,2025-03-18 01:15:39.914208
5053,lcd + digitizer assembly,2025-03-18 01:15:39.914208
1451,lcd + digitizer replacement,2025-03-17 13:42:24.440495
5055,screen assembly,2025-03-18 01:15:39.914208
5056,battery relplacement,2025-03-18 01:15:58.23422
5079,unfreeze,2025-03-18 01:37:07.41291
5085,breakdown,2025-03-18 01:42:13.849837
5038,daughterboard,2025-03-18 01:12:46.560216
5088,earpiece speaker,2025-03-18 01:42:13.849837
5089,front facing camera,2025-03-18 01:42:13.849837
5091,LED status light,2025-03-18 01:42:13.849837
5092,microsd,2025-03-18 01:42:13.849837
5093,mid frame,2025-03-18 01:42:13.849837
5095,proximity sensor,2025-03-18 01:42:13.849837
5096,rear facing camera,2025-03-18 01:42:13.849837
5097,RGB sensor module,2025-03-18 01:42:13.849837
5098,Samsung Galaxy S4 Active,2025-03-18 01:42:13.849837
5099,sim reader,2025-03-18 01:42:13.849837
5101,usb port,2025-03-18 01:42:13.849837
5102,Vibrator,2025-03-18 01:42:13.849837
5103,automotive,2025-03-18 01:42:39.298789
5104,wipers,2025-03-18 01:42:39.298789
5111,Desk,2025-03-18 01:46:53.809685
5112,Desk repair,2025-03-18 01:46:53.809685
5113,drawer,2025-03-18 01:46:53.809685
5119,Fiberglass,2025-03-18 01:47:04.908321
5120,Jet Ski,2025-03-18 01:47:04.908321
5121,JS 440,2025-03-18 01:47:04.908321
5122,JS300,2025-03-18 01:47:04.908321
5123,JS550,2025-03-18 01:47:04.908321
5140,ball,2025-03-18 01:51:13.816359
5141,basket,2025-03-18 01:51:13.816359
5142,basketball,2025-03-18 01:51:13.816359
5143,bball,2025-03-18 01:51:13.816359
5145,hoop,2025-03-18 01:51:13.816359
5146,net,2025-03-18 01:51:13.816359
5147,rim,2025-03-18 01:51:13.816359
5160,do it yourself guide,2025-03-18 01:52:53.428805
5172,Baby Tad,2025-03-18 01:54:55.114609
1528,buttons,2025-03-17 14:01:44.555426
5175,Hug and Learn,2025-03-18 01:54:55.114609
5176,leapfrog,2025-03-18 01:54:55.114609
5178,broken keyboard,2025-03-18 01:55:14.505247
5179,broken keys,2025-03-18 01:55:14.505247
5182,replace keys,2025-03-18 01:55:14.505247
5183,wired,2025-03-18 01:55:14.505247
5194,hard drive failure,2025-03-18 01:57:00.0346
5204,motor replacement,2025-03-18 02:00:36.795245
5207,car repair,2025-03-18 02:01:10.825346
5209,oil change,2025-03-18 02:01:10.825346
5220,front wheel suspension,2025-03-18 02:05:14.084373
5221,spring,2025-03-18 02:05:14.084373
5222,suspension,2025-03-18 02:05:14.084373
5205,torque king,2025-03-18 02:00:36.795245
5231,1T,2025-03-18 02:08:11.913062
5232,500gb,2025-03-18 02:08:11.913062
5234,bios battery,2025-03-18 02:08:11.913062
5253,pcie,2025-03-18 02:08:11.913062
3140,sata,2025-03-17 20:17:41.321456
3732,sodimm,2025-03-17 21:09:01.943405
3342,thermal paste,2025-03-17 20:35:53.847412
4297,wi-fi,2025-03-17 23:50:50.124918
1704,wifi,2025-03-17 14:39:35.157696
5266,Beemer,2025-03-18 02:08:51.549756
5267,Bimmer,2025-03-18 02:08:51.549756
4703,diy,2025-03-18 00:11:45.853582
5275,installtion,2025-03-18 02:08:51.549756
5277,M5,2025-03-18 02:08:51.549756
5291,not orking,2025-03-18 02:12:43.55923
5303,failed,2025-03-18 02:15:36.022274
5309,sony xperia,2025-03-18 02:17:29.921922
5314,display  issuesdislpay issue,2025-03-18 02:17:45.979991
1310,LCD display,2025-03-17 12:55:17.439458
5325,Toshiba Click,2025-03-18 02:21:43.679939
5326,Toshiba Click 2 Pro,2025-03-18 02:21:43.679939
5327,Toshiba Tablet,2025-03-18 02:21:43.679939
256,Optical Drive,2025-03-17 05:58:10.450719
5283,not ringing,2025-03-18 02:12:40.035133
5057,battery removal,2025-03-18 01:15:58.23422
5007,car accessories,2025-03-18 01:04:28.653568
2789,pin,2025-03-17 18:51:25.368734
4,replacement,2025-03-17 02:36:04.640617
5014,license plate,2025-03-18 01:04:28.653568
5330,galaxy s6,2025-03-18 02:21:51.04177
5331,galaxy s6 disassembly,2025-03-18 02:21:51.04177
5332,galaxy s6 teardown,2025-03-18 02:21:51.04177
5334,hit,2025-03-18 02:21:57.084654
5335,protect passwords,2025-03-18 02:21:57.084654
5336,protective,2025-03-18 02:21:57.084654
5337,protector,2025-03-18 02:21:57.084654
5338,safety,2025-03-18 02:21:57.084654
5341,defective power adapter,2025-03-18 02:22:19.349476
5343,no charging,2025-03-18 02:22:19.349476
5346,change battery,2025-03-18 02:22:50.092799
5359,click,2025-03-18 02:23:35.830226
5367,Power Plus,2025-03-18 02:25:32.280032
5368,powerbank,2025-03-18 02:25:32.280032
5369,Solar charger,2025-03-18 02:25:32.280032
5377,Airtel,2025-03-18 02:28:45.275906
5378,at&t,2025-03-18 02:28:45.275906
5379,AT&T Mobility,2025-03-18 02:28:45.275906
5380,free,2025-03-18 02:28:45.275906
2924,lock,2025-03-17 19:08:42.91046
5383,MTN,2025-03-18 02:28:45.275906
5384,MTN group,2025-03-18 02:28:45.275906
5386,Orange,2025-03-18 02:28:45.275906
5388,Telefnica,2025-03-18 02:28:45.275906
5389,Telenor,2025-03-18 02:28:45.275906
5390,Telia sonera,2025-03-18 02:28:45.275906
5391,Tesko,2025-03-18 02:28:45.275906
5392,TIM,2025-03-18 02:28:45.275906
5393,tmobile,2025-03-18 02:28:45.275906
5394,Turkcell,2025-03-18 02:28:45.275906
5396,use another sim,2025-03-18 02:28:45.275906
5397,vodafone,2025-03-18 02:28:45.275906
5410,hp elitebook,2025-03-18 02:31:28.572338
5411,PC Laptop,2025-03-18 02:31:28.572338
5416,Android system recovery menu,2025-03-18 02:32:34.383669
5417,deleted data,2025-03-18 02:32:34.383669
5420,google account,2025-03-18 02:32:34.383669
5422,recover loop,2025-03-18 02:32:34.383669
5443,fault,2025-03-18 02:32:44.526697
5455,tools,2025-03-18 02:34:06.274983
5456,wifi antenna,2025-03-18 02:34:06.274983
5457,wifi not working,2025-03-18 02:34:06.274983
5458,buzzer alarm,2025-03-18 02:34:56.12313
5460,loud speaker,2025-03-18 02:34:56.12313
5370,Waka Waka,2025-03-18 02:25:32.280032
5475,foglights,2025-03-18 02:35:15.157731
5476,headlights,2025-03-18 02:35:15.157731
5477,HID,2025-03-18 02:35:15.157731
5478,HID Conversion Kit,2025-03-18 02:35:15.157731
5479,HID Kit,2025-03-18 02:35:15.157731
5485,E-Ink screen Replacement,2025-03-18 02:44:23.078669
5486,PRS-T3,2025-03-18 02:44:23.078669
5487,Sony Reader,2025-03-18 02:44:23.078669
5492,erased hard drive,2025-03-18 02:51:11.672599
5495,memoes,2025-03-18 02:51:11.672599
5509,appliances,2025-03-18 03:00:13.716128
5539,cable damaged,2025-03-18 03:08:43.410704
5542,earphone jack,2025-03-18 03:08:57.56652
5543,earphone jack repair,2025-03-18 03:08:57.56652
5544,earphones,2025-03-18 03:08:57.56652
5545,earphones connector,2025-03-18 03:08:57.56652
5546,earphones not working,2025-03-18 03:08:57.56652
5548,headphone audio jack,2025-03-18 03:08:57.56652
5549,headphone cable,2025-03-18 03:08:57.56652
5550,headphone connection loose,2025-03-18 03:08:57.56652
5557,Hearing Aid,2025-03-18 03:09:33.42468
5558,RIC,2025-03-18 03:09:33.42468
5559,Starkey,2025-03-18 03:09:33.42468
5560,Wax Guard,2025-03-18 03:09:33.42468
5565,bar keepers friend,2025-03-18 03:10:15.270537
5566,dish,2025-03-18 03:10:15.270537
5567,dishware,2025-03-18 03:10:15.270537
5569,plate,2025-03-18 03:10:15.270537
5339,scratches,2025-03-18 02:21:57.084654
5571,silverware,2025-03-18 03:10:15.270537
5591,microphone broken,2025-03-18 03:16:00.880383
5592,microphone recording issues,2025-03-18 03:16:00.880383
5599,digiti,2025-03-18 03:21:01.638683
5601,earpice speaker,2025-03-18 03:21:01.638683
1309,glass,2025-03-17 12:55:17.439458
5604,loud,2025-03-18 03:21:01.638683
5606,mashed,2025-03-18 03:21:01.638683
5609,t hear,2025-03-18 03:21:01.638683
5610,android 4.0,2025-03-18 03:21:15.48375
5611,envizen,2025-03-18 03:21:15.48375
5613,V100M,2025-03-18 03:21:15.48375
5616,Civic,2025-03-18 03:21:48.276163
5618,honda civic,2025-03-18 03:21:48.276163
5619,key,2025-03-18 03:21:48.276163
5622,cover removal,2025-03-18 03:22:14.366761
5467,speaker broken,2025-03-18 02:34:56.12313
5588,A909,2025-03-18 03:16:00.880383
5589,Azpen,2025-03-18 03:16:00.880383
5633,batter charging issues,2025-03-18 03:22:44.633765
5638,camera battery,2025-03-18 03:26:56.234147
5641,Samsung WB150F,2025-03-18 03:26:56.234147
5643,A5,2025-03-18 03:31:51.858983
5645,audi,2025-03-18 03:31:51.858983
5647,European car,2025-03-18 03:31:51.858983
1181,installation,2025-03-17 12:11:38.641282
5652,luxury,2025-03-18 03:31:51.858983
5653,luxury car,2025-03-18 03:31:51.858983
5654,quattro,2025-03-18 03:31:51.858983
5656,cushion,2025-03-18 03:33:12.316516
5658,headset,2025-03-18 03:33:12.316516
5667,hard brick,2025-03-18 03:34:10.733075
5669,re-imaging,2025-03-18 03:34:10.733075
5672,Wi-Fi + 3G model,2025-03-18 03:34:10.733075
5674,irulu,2025-03-18 03:35:19.157278
